date,close,volume,外資,投信,自營商,三大法人合計(張),融資增減(張),K,D,KD落入20以下,出現黃金交叉,趨勢向上非鈍化,新手投資建議
2021-07-22,32.3,4676736,-496.0,0.0,-1.0,-497.0,,,,False,False,False,❌ 空頭或無訊號
2021-07-23,29.45,6037489,220.0,0.0,0.0,220.0,,,,False,False,False,❌ 空頭或無訊號
2021-07-26,29.55,2550728,266.0,0.0,0.0,266.0,,,,False,False,False,❌ 空頭或無訊號
2021-07-27,28.3,1521168,-440.0,0.0,0.0,-440.0,,,,False,False,False,❌ 空頭或無訊號
2021-07-28,27.65,987858,23.0,0.0,0.0,23.0,,,,False,False,False,❌ 空頭或無訊號
2021-07-29,27.8,824689,-4.0,0.0,0.0,-4.0,,,,False,False,False,❌ 空頭或無訊號
2021-07-30,27.55,899695,-78.0,0.0,0.0,-78.0,,,,False,False,False,❌ 空頭或無訊號
2021-08-02,27.85,442085,0.0,0.0,0.0,0.0,,,,False,False,False,❌ 空頭或無訊號
2021-08-03,27.9,450132,-14.0,0.0,0.0,-14.0,,12.69,12.69,False,False,False,❌ 空頭或無訊號
2021-08-04,27.8,605466,-7.0,0.0,0.0,-7.0,,13.04,12.81,True,False,False,⭐ 弱勢反彈
2021-08-05,29.1,1750720,149.0,0.0,0.0,149.0,,31.1,18.9,True,False,False,⭐ 弱勢反彈
2021-08-06,28.25,1001485,-206.0,0.0,0.0,-206.0,,33.85,23.89,False,False,False,❌ 空頭或無訊號
2021-08-09,27.3,807648,-41.0,0.0,1.0,-40.0,,25.9,24.56,False,False,False,❌ 空頭或無訊號
2021-08-10,26.4,868955,-23.0,0.0,0.0,-23.0,,20.16,23.09,False,False,False,❌ 空頭或無訊號
2021-08-11,25.7,748974,-3.0,0.0,0.0,-3.0,,14.29,20.16,False,False,False,❌ 空頭或無訊號
2021-08-12,25.65,283510,-21.0,0.0,0.0,-21.0,,10.76,17.02,True,False,False,⭐ 弱勢反彈
2021-08-13,25.15,613161,-80.0,0.0,0.0,-80.0,,9.3,14.45,True,False,False,⭐ 弱勢反彈
2021-08-16,24.3,573362,66.0,0.0,0.0,66.0,,8.0,12.3,True,False,False,⭐ 弱勢反彈
2021-08-17,23.9,430127,-11.0,0.0,0.0,-11.0,,5.91,10.17,True,False,False,⭐ 弱勢反彈
2021-08-18,24.8,441692,79.0,0.0,0.0,79.0,,12.73,11.02,True,True,False,⭐⭐ 偏多觀察
2021-08-19,24.4,172124,-11.0,0.0,0.0,-11.0,,17.24,13.1,True,False,False,⭐ 弱勢反彈
2021-08-20,24.1,237528,-23.0,0.0,0.0,-23.0,,19.43,15.21,True,False,False,⭐ 弱勢反彈
2021-08-23,24.9,195342,75.0,0.0,0.0,75.0,,30.34,20.25,True,False,False,⭐ 弱勢反彈
2021-08-24,24.7,150519,-58.0,0.0,0.0,-58.0,,38.62,26.38,False,False,False,❌ 空頭或無訊號
2021-08-25,25.5,585003,299.0,0.0,0.0,299.0,,53.33,35.36,False,False,False,❌ 空頭或無訊號
2021-08-26,25.4,194034,-19.0,0.0,0.0,-19.0,,61.99,44.24,False,False,False,❌ 空頭或無訊號
2021-08-27,25.3,102041,8.0,0.0,0.0,8.0,,66.62,51.7,False,False,False,❌ 空頭或無訊號
2021-08-30,25.2,125757,5.0,0.0,0.0,5.0,,68.55,57.31,False,False,False,❌ 空頭或無訊號
2021-08-31,25.25,127563,16.0,0.0,0.0,16.0,,67.67,60.77,False,False,False,❌ 空頭或無訊號
2021-09-01,25.5,225647,75.0,0.0,1.0,76.0,,70.87,64.13,False,False,False,❌ 空頭或無訊號
2021-09-02,24.9,249429,-52.0,0.0,0.0,-52.0,,61.28,63.18,False,False,False,❌ 空頭或無訊號
2021-09-03,24.95,192119,18.0,0.0,0.0,18.0,,52.31,59.56,False,False,False,❌ 空頭或無訊號
2021-09-06,24.0,349540,-121.0,0.0,0.0,-121.0,,34.88,51.33,False,False,False,❌ 空頭或無訊號
2021-09-07,23.75,208055,-15.0,0.0,1.0,-14.0,,26.8,43.15,False,False,False,❌ 空頭或無訊號
2021-09-08,23.55,179253,-37.0,0.0,-2.0,-39.0,,22.44,36.25,False,False,False,❌ 空頭或無訊號
2021-09-09,23.95,246204,42.0,0.0,0.0,42.0,,24.76,32.42,False,False,False,❌ 空頭或無訊號
2021-09-10,24.1,54103,-2.0,0.0,0.0,-2.0,,28.27,31.04,False,False,False,❌ 空頭或無訊號
2021-09-13,23.7,141284,-19.0,0.0,0.0,-19.0,,25.39,29.15,False,False,False,❌ 空頭或無訊號
2021-09-14,23.35,151761,-29.0,0.0,0.0,-29.0,,18.88,25.73,False,False,False,❌ 空頭或無訊號
2021-09-15,23.2,292121,-44.0,0.0,0.0,-44.0,,16.59,22.68,True,False,False,⭐ 弱勢反彈
2021-09-16,23.05,177289,-10.0,0.0,0.0,-10.0,,14.57,19.98,True,False,False,⭐ 弱勢反彈
2021-09-17,23.35,97698,8.0,0.0,0.0,8.0,,20.46,20.14,True,True,False,⭐⭐ 偏多觀察
2021-09-22,23.15,203111,38.0,0.0,0.0,38.0,,20.93,20.41,False,False,False,❌ 空頭或無訊號
2021-09-23,23.1,92003,2.0,0.0,0.0,2.0,,20.21,20.34,False,False,False,❌ 空頭或無訊號
2021-09-24,23.5,170457,43.0,0.0,0.0,43.0,,28.05,22.91,False,True,False,⭐ 弱勢反彈
2021-09-27,23.9,140004,62.0,0.0,0.0,62.0,,50.59,32.14,False,False,False,❌ 空頭或無訊號
2021-09-28,23.65,91160,-33.0,0.0,0.0,-33.0,,54.71,39.66,False,False,False,❌ 空頭或無訊號
2021-09-29,23.05,186701,-64.0,0.0,0.0,-64.0,,42.65,40.66,False,False,False,❌ 空頭或無訊號
2021-09-30,23.0,123084,13.0,0.0,0.0,13.0,,33.37,38.23,False,False,False,❌ 空頭或無訊號
2021-10-01,22.6,366011,-84.0,0.0,0.0,-84.0,,23.29,33.25,False,False,False,❌ 空頭或無訊號
2021-10-04,21.5,482883,-28.0,0.0,-1.0,-29.0,,17.86,28.12,False,False,False,❌ 空頭或無訊號
2021-10-05,22.2,204130,85.0,0.0,0.0,85.0,,22.44,26.23,True,False,False,⭐ 弱勢反彈
2021-10-06,22.15,83582,-3.0,0.0,0.0,-3.0,,24.9,25.78,False,False,False,❌ 空頭或無訊號
2021-10-07,22.85,125248,68.0,0.0,0.0,68.0,,34.73,28.76,False,True,False,⭐ 弱勢反彈
2021-10-08,22.95,135001,53.0,0.0,0.0,53.0,,42.45,33.33,False,False,False,❌ 空頭或無訊號
2021-10-12,22.3,101033,-35.0,0.0,-1.0,-36.0,,44.17,36.94,False,False,False,❌ 空頭或無訊號
2021-10-13,21.95,184489,-118.0,0.0,1.0,-117.0,,40.85,38.25,False,False,False,❌ 空頭或無訊號
2021-10-14,21.85,81195,-32.0,0.0,0.0,-32.0,,37.14,37.88,False,False,False,❌ 空頭或無訊號
2021-10-15,22.6,175823,98.0,0.0,0.0,98.0,,48.19,41.31,False,True,False,⭐ 弱勢反彈
2021-10-18,22.6,53157,24.0,0.0,0.0,24.0,,55.55,46.06,False,False,False,❌ 空頭或無訊號
2021-10-19,23.1,213119,116.0,0.0,0.0,116.0,,67.33,53.15,False,False,False,❌ 空頭或無訊號
2021-10-20,23.05,69002,30.0,0.0,0.0,30.0,,74.18,60.16,False,False,False,❌ 空頭或無訊號
2021-10-21,23.0,158100,24.0,0.0,0.0,24.0,,73.39,64.57,False,False,False,❌ 空頭或無訊號
2021-10-22,23.2,61012,28.0,0.0,0.0,28.0,,76.28,68.47,False,False,False,❌ 空頭或無訊號
2021-10-25,23.15,58077,13.0,0.0,0.0,13.0,,77.35,71.43,False,False,False,❌ 空頭或無訊號
2021-10-26,23.2,61004,9.0,0.0,0.0,9.0,,78.76,73.87,False,False,False,❌ 空頭或無訊號
2021-10-27,23.1,171192,56.0,0.0,0.0,56.0,,75.12,74.29,False,False,False,❌ 空頭或無訊號
2021-10-28,23.3,109304,30.0,0.0,0.0,30.0,,76.17,74.92,False,False,False,❌ 空頭或無訊號
2021-10-29,23.55,116375,5.0,0.0,0.0,5.0,,80.94,76.92,False,False,False,❌ 空頭或無訊號
2021-11-01,24.1,230771,76.0,0.0,1.0,77.0,,83.96,79.27,False,False,False,❌ 空頭或無訊號
2021-11-02,23.75,279438,-86.0,0.0,0.0,-86.0,,75.58,78.04,False,False,False,❌ 空頭或無訊號
2021-11-03,23.65,100073,14.0,0.0,0.0,14.0,,68.03,74.7,False,False,False,❌ 空頭或無訊號
2021-11-04,23.75,84012,6.0,0.0,0.0,6.0,,62.6,70.67,False,False,False,❌ 空頭或無訊號
2021-11-05,23.7,76070,3.0,0.0,0.0,3.0,,56.55,65.96,False,False,False,❌ 空頭或無訊號
2021-11-08,23.45,160041,7.0,0.0,0.0,7.0,,46.34,59.42,False,False,False,❌ 空頭或無訊號
2021-11-09,23.3,147601,33.0,0.0,0.0,33.0,,35.83,51.56,False,False,False,❌ 空頭或無訊號
2021-11-10,23.5,62117,14.0,0.0,0.0,14.0,,32.86,45.33,False,False,False,❌ 空頭或無訊號
2021-11-11,23.5,127329,34.0,0.0,0.0,34.0,,30.88,40.51,False,False,False,❌ 空頭或無訊號
2021-11-12,23.95,109266,9.0,0.0,0.0,9.0,,41.1,40.71,False,True,True,⭐⭐ 偏多觀察
2021-11-15,24.5,441254,60.0,0.0,0.0,60.0,,54.67,45.36,False,False,False,❌ 空頭或無訊號
2021-11-16,24.1,309731,-10.0,0.0,0.0,-10.0,,54.54,48.42,False,False,False,❌ 空頭或無訊號
2021-11-17,24.45,156362,75.0,0.0,0.0,75.0,,61.12,52.66,False,False,True,⭐ 弱勢反彈
2021-11-18,24.5,177544,36.0,0.0,0.0,36.0,,66.46,57.26,False,False,False,❌ 空頭或無訊號
2021-11-19,24.45,101009,-2.0,0.0,0.0,-2.0,,69.07,61.2,False,False,False,❌ 空頭或無訊號
2021-11-22,26.85,2414538,54.0,0.0,0.0,54.0,,79.38,67.26,False,False,True,⭐ 弱勢反彈
2021-11-23,25.15,1543971,-213.0,0.0,0.0,-213.0,,69.83,68.12,False,False,False,❌ 空頭或無訊號
2021-11-24,25.15,336609,-38.0,0.0,0.0,-38.0,,62.97,66.4,False,False,False,❌ 空頭或無訊號
2021-11-25,24.75,247873,-75.0,0.0,1.0,-74.0,,50.75,61.18,False,False,False,❌ 空頭或無訊號
2021-11-26,24.15,216190,-60.0,0.0,0.0,-60.0,,35.59,52.65,False,False,False,❌ 空頭或無訊號
2021-11-29,23.5,192070,-20.0,0.0,0.0,-20.0,,25.6,43.64,False,False,False,❌ 空頭或無訊號
2021-11-30,23.9,118772,13.0,0.0,0.0,13.0,,22.7,36.66,False,False,False,❌ 空頭或無訊號
2021-12-01,24.7,223642,76.0,0.0,1.0,77.0,,28.28,33.87,False,False,False,❌ 空頭或無訊號
2021-12-02,24.85,481333,-54.0,0.0,0.0,-54.0,,33.41,33.71,False,False,True,⭐ 弱勢反彈
2021-12-03,25.05,150000,12.0,0.0,0.0,12.0,,40.22,35.88,False,True,True,⭐⭐ 偏多觀察
2021-12-06,25.0,113167,14.0,0.0,0.0,14.0,,47.8,39.86,False,False,True,⭐ 弱勢反彈
2021-12-07,24.9,142463,-11.0,0.0,0.0,-11.0,,51.62,43.78,False,False,True,⭐ 弱勢反彈
2021-12-08,25.15,181285,55.0,0.0,0.0,55.0,,57.25,48.27,False,False,True,⭐ 弱勢反彈
2021-12-09,24.9,140400,8.0,0.0,0.0,8.0,,57.92,51.49,False,False,True,⭐ 弱勢反彈
2021-12-10,24.85,70285,-3.0,0.0,0.0,-3.0,,55.98,52.98,False,False,True,⭐ 弱勢反彈
2021-12-13,25.45,318288,96.0,0.0,0.0,96.0,,63.01,56.33,False,False,True,⭐ 弱勢反彈
2021-12-14,24.75,274158,-16.0,0.0,0.0,-16.0,,49.3,53.98,False,False,True,⭐ 弱勢反彈
2021-12-15,24.95,59106,11.0,0.0,0.0,11.0,,41.56,49.84,False,False,True,⭐ 弱勢反彈
2021-12-16,25.05,131156,23.0,0.0,0.0,23.0,,39.3,46.33,False,False,True,⭐ 弱勢反彈
2021-12-17,24.9,99794,-5.0,0.0,0.0,-5.0,,33.45,42.04,False,False,True,⭐ 弱勢反彈
2021-12-20,24.75,50348,-7.0,0.0,0.0,-7.0,,25.2,36.42,False,False,True,⭐ 弱勢反彈
2021-12-21,24.85,53581,11.0,0.0,0.0,11.0,,22.6,31.81,False,False,True,⭐ 弱勢反彈
2021-12-22,24.95,337008,22.0,0.0,0.0,22.0,,23.76,29.13,False,False,True,⭐ 弱勢反彈
2021-12-23,24.9,73096,-14.0,0.0,0.0,-14.0,,23.09,27.11,False,False,True,⭐ 弱勢反彈
2021-12-24,24.8,89007,7.0,0.0,0.0,7.0,,20.39,24.87,False,False,True,⭐ 弱勢反彈
2021-12-27,24.85,94509,31.0,0.0,0.0,31.0,,18.86,22.87,False,False,True,⭐ 弱勢反彈
2021-12-28,25.05,154485,29.0,0.0,0.0,29.0,,24.85,23.53,True,True,True,⭐⭐⭐ 黃金買點
2021-12-29,25.2,219040,71.0,0.0,0.0,71.0,,34.11,27.06,False,False,True,⭐ 弱勢反彈
2021-12-30,25.25,379400,-64.0,0.0,0.0,-64.0,,34.96,29.69,False,False,True,⭐ 弱勢反彈
2022-01-03,24.9,151870,-25.0,0.0,1.0,-24.0,,27.75,29.05,False,False,True,⭐ 弱勢反彈
2022-01-04,24.8,61155,-1.0,0.0,0.0,-1.0,,19.65,25.91,False,False,True,⭐ 弱勢反彈
2022-01-05,24.75,90105,-28.0,0.0,0.0,-28.0,,14.21,22.01,True,False,True,⭐⭐ 偏多觀察
2022-01-06,24.6,91676,-26.0,0.0,0.0,-26.0,,12.33,18.79,True,False,True,⭐⭐ 偏多觀察
2022-01-07,24.3,122003,-35.0,0.0,0.0,-35.0,,10.66,16.08,True,False,False,⭐ 弱勢反彈
2022-01-10,24.4,45373,-3.0,0.0,0.0,-3.0,,11.17,14.44,True,False,True,⭐⭐ 偏多觀察
2022-01-11,24.15,66631,-19.0,0.0,0.0,-19.0,,8.24,12.38,True,False,False,⭐ 弱勢反彈
2022-01-12,23.9,131266,2.0,0.0,1.0,3.0,,6.88,10.54,True,False,False,⭐ 弱勢反彈
2022-01-13,23.9,48554,-10.0,0.0,0.0,-10.0,,6.81,9.3,True,False,False,⭐ 弱勢反彈
2022-01-14,23.8,65074,-6.0,0.0,0.0,-6.0,,10.79,9.8,True,True,False,⭐⭐ 偏多觀察
2022-01-17,24.0,36066,4.0,0.0,0.0,4.0,,19.1,12.9,True,False,False,⭐ 弱勢反彈
2022-01-18,24.0,79088,14.0,0.0,0.0,14.0,,26.62,17.47,True,False,False,⭐ 弱勢反彈
2022-01-19,24.1,53013,2.0,0.0,0.0,2.0,,35.93,23.62,False,False,False,❌ 空頭或無訊號
2022-01-20,24.0,60003,-5.0,0.0,0.0,-5.0,,41.5,29.58,False,False,False,❌ 空頭或無訊號
2022-01-21,23.6,81332,-6.0,0.0,0.0,-6.0,,31.37,30.18,False,False,False,❌ 空頭或無訊號
2022-01-24,23.4,84496,8.0,0.0,0.0,8.0,,28.16,29.5,False,False,False,❌ 空頭或無訊號
2022-01-25,22.9,78204,1.0,0.0,0.0,1.0,,18.77,25.93,False,False,False,❌ 空頭或無訊號
2022-01-26,23.25,74037,5.0,0.0,0.0,5.0,,21.49,24.45,True,False,False,⭐ 弱勢反彈
2022-02-07,23.25,30088,3.0,0.0,4.0,7.0,,23.66,24.19,False,False,False,❌ 空頭或無訊號
2022-02-08,23.4,55075,13.0,0.0,0.0,13.0,,29.11,25.83,False,True,False,⭐ 弱勢反彈
2022-02-09,23.7,64717,2.0,0.0,0.0,2.0,,41.63,31.09,False,False,False,❌ 空頭或無訊號
2022-02-10,23.8,101484,-3.0,0.0,0.0,-3.0,,52.75,38.31,False,False,False,❌ 空頭或無訊號
2022-02-11,24.3,552644,18.0,0.0,0.0,18.0,,62.62,46.41,False,False,False,❌ 空頭或無訊號
2022-02-14,23.9,101168,-9.0,0.0,0.0,-9.0,,61.35,51.39,False,False,False,❌ 空頭或無訊號
2022-02-15,24.2,88009,4.0,0.0,0.0,4.0,,66.39,56.39,False,False,False,❌ 空頭或無訊號
2022-02-16,24.3,59015,-9.0,0.0,0.0,-9.0,,71.71,61.5,False,False,False,❌ 空頭或無訊號
2022-02-17,24.5,378150,0.0,0.0,0.0,0.0,,70.33,64.44,False,False,False,❌ 空頭或無訊號
2022-02-18,24.65,181207,1.0,0.0,0.0,1.0,,72.11,67.0,False,False,True,⭐ 弱勢反彈
2022-02-21,24.8,99683,-3.0,0.0,0.0,-3.0,,75.53,69.84,False,False,True,⭐ 弱勢反彈
2022-02-22,24.1,219641,-8.0,0.0,0.0,-8.0,,58.99,66.23,False,False,False,❌ 空頭或無訊號
2022-02-23,24.15,46138,6.0,0.0,0.0,6.0,,48.3,60.25,False,False,False,❌ 空頭或無訊號
2022-02-24,23.5,104113,-4.0,0.0,0.0,-4.0,,35.06,51.85,False,False,False,❌ 空頭或無訊號
2022-02-25,23.6,60017,1.0,0.0,0.0,1.0,,28.13,43.95,False,False,False,❌ 空頭或無訊號
2022-03-01,23.9,32058,2.0,0.0,0.0,2.0,,29.23,39.04,False,False,False,❌ 空頭或無訊號
2022-03-02,23.95,38018,3.0,0.0,0.0,3.0,,30.92,36.33,False,False,False,❌ 空頭或無訊號
2022-03-03,24.0,70142,-1.0,0.0,1.0,0.0,,32.99,35.22,False,False,False,❌ 空頭或無訊號
2022-03-04,23.75,75021,1.0,0.0,0.0,1.0,,29.61,33.35,False,False,False,❌ 空頭或無訊號
2022-03-07,23.2,105355,-1.0,0.0,-2.0,-3.0,,23.08,29.93,False,False,False,❌ 空頭或無訊號
2022-03-08,22.75,109031,-16.0,0.0,0.0,-16.0,,16.39,25.42,False,False,False,❌ 空頭或無訊號
2022-03-09,22.95,45247,1.0,0.0,0.0,1.0,,16.31,22.38,True,False,False,⭐ 弱勢反彈
2022-03-10,23.25,62050,6.0,0.0,0.0,6.0,,22.7,22.49,True,True,False,⭐⭐ 偏多觀察
2022-03-11,23.1,34503,-1.0,0.0,0.0,-1.0,,23.73,22.9,False,False,False,❌ 空頭或無訊號
2022-03-14,23.0,74278,12.0,0.0,0.0,12.0,,22.27,22.69,False,False,False,❌ 空頭或無訊號
2022-03-15,22.7,60086,-5.0,0.0,0.0,-5.0,,14.85,20.08,False,False,False,❌ 空頭或無訊號
2022-03-16,22.75,33021,-4.0,0.0,0.0,-4.0,,11.13,17.1,True,False,False,⭐ 弱勢反彈
2022-03-17,23.05,93099,5.0,0.0,0.0,5.0,,22.98,19.06,True,True,False,⭐⭐ 偏多觀察
2022-03-18,23.3,116185,11.0,0.0,0.0,11.0,,41.99,26.7,False,False,False,❌ 空頭或無訊號
2022-03-21,23.4,109254,1.0,0.0,0.0,1.0,,57.16,36.85,False,False,False,❌ 空頭或無訊號
2022-03-22,23.25,73277,7.0,0.0,0.0,7.0,,58.48,44.06,False,False,False,❌ 空頭或無訊號
2022-03-23,24.25,417284,20.0,0.0,0.0,20.0,,68.51,52.21,False,False,False,❌ 空頭或無訊號
2022-03-24,24.85,491223,22.0,0.0,0.0,22.0,,77.52,60.65,False,False,False,❌ 空頭或無訊號
2022-03-25,24.75,198829,-9.0,0.0,0.0,-9.0,,82.05,67.78,False,False,False,❌ 空頭或無訊號
2022-03-28,24.5,113891,-9.0,0.0,0.0,-9.0,,81.22,72.26,False,False,False,❌ 空頭或無訊號
2022-03-29,24.2,128346,-7.0,0.0,0.0,-7.0,,74.66,73.06,False,False,False,❌ 空頭或無訊號
2022-03-30,24.2,90166,5.0,0.0,0.0,5.0,,69.95,72.02,False,False,False,❌ 空頭或無訊號
2022-03-31,24.4,89076,8.0,0.0,0.0,8.0,,69.49,71.18,False,False,False,❌ 空頭或無訊號
2022-04-01,24.4,61071,15.0,0.0,1.0,16.0,,69.18,70.51,False,False,False,❌ 空頭或無訊號
2022-04-06,24.4,74377,1.0,0.0,0.0,1.0,,68.0,69.67,False,False,False,❌ 空頭或無訊號
2022-04-07,24.05,98500,-5.0,0.0,0.0,-5.0,,47.09,62.14,False,False,False,❌ 空頭或無訊號
2022-04-08,24.1,139334,14.0,0.0,0.0,14.0,,35.31,53.2,False,False,False,❌ 空頭或無訊號
2022-04-11,23.65,119604,-10.0,0.0,0.0,-10.0,,25.06,43.82,False,False,False,❌ 空頭或無訊號
2022-04-12,23.95,63278,0.0,0.0,0.0,0.0,,27.31,38.32,False,False,False,❌ 空頭或無訊號
2022-04-13,24.25,159040,22.0,0.0,0.0,22.0,,38.84,38.49,False,True,False,⭐ 弱勢反彈
2022-04-14,23.4,148407,-15.0,0.0,0.0,-15.0,,29.74,35.57,False,False,False,❌ 空頭或無訊號
2022-04-15,23.0,138348,-10.0,0.0,0.0,-10.0,,19.83,30.33,False,False,False,❌ 空頭或無訊號
2022-04-18,23.4,154216,-14.0,0.0,-2.0,-16.0,,25.96,28.87,True,False,False,⭐ 弱勢反彈
2022-04-19,23.0,73258,-4.0,0.0,0.0,-4.0,,22.52,26.75,False,False,False,❌ 空頭或無訊號
2022-04-20,23.0,66343,-9.0,0.0,0.0,-9.0,,20.57,24.69,False,False,False,❌ 空頭或無訊號
2022-04-21,23.3,64649,2.0,0.0,0.0,2.0,,25.93,25.11,False,True,False,⭐ 弱勢反彈
2022-04-22,22.95,61040,0.0,0.0,0.0,0.0,,21.73,23.98,False,False,False,❌ 空頭或無訊號
2022-04-25,22.35,93394,-16.0,0.0,0.0,-16.0,,16.16,21.37,False,False,False,❌ 空頭或無訊號
2022-04-26,22.2,59976,-9.0,0.0,0.0,-9.0,,12.48,18.41,True,False,False,⭐ 弱勢反彈
2022-04-27,21.7,137923,-38.0,0.0,0.0,-38.0,,10.12,15.65,True,False,False,⭐ 弱勢反彈
2022-04-28,21.75,81087,2.0,0.0,0.0,2.0,,9.45,13.58,True,False,False,⭐ 弱勢反彈
2022-04-29,21.75,30439,4.0,0.0,0.0,4.0,,9.08,12.08,True,False,False,⭐ 弱勢反彈
2022-05-03,21.65,27069,1.0,0.0,0.0,1.0,,7.0,10.39,True,False,False,⭐ 弱勢反彈
2022-05-04,21.6,38125,1.0,0.0,0.0,1.0,,4.67,8.48,True,False,False,⭐ 弱勢反彈
2022-05-05,21.9,17143,,,,,,9.0,8.65,True,True,False,⭐⭐ 偏多觀察
2022-05-06,21.9,59275,1.0,0.0,0.0,1.0,,15.52,10.94,True,False,False,⭐ 弱勢反彈
2022-05-09,21.5,23172,2.0,0.0,0.0,2.0,,10.35,10.74,True,False,False,⭐ 弱勢反彈
2022-05-10,21.3,74254,3.0,0.0,0.0,3.0,,14.04,11.84,True,True,False,⭐⭐ 偏多觀察
2022-05-11,21.1,55082,3.0,0.0,0.0,3.0,,11.74,11.81,True,False,False,⭐ 弱勢反彈
2022-05-12,20.5,117410,0.0,0.0,0.0,0.0,,7.83,10.48,True,False,False,⭐ 弱勢反彈
2022-05-13,20.6,58006,-2.0,0.0,0.0,-2.0,,7.52,9.49,True,False,False,⭐ 弱勢反彈
2022-05-16,20.75,33064,3.0,0.0,0.0,3.0,,10.76,9.92,True,True,False,⭐⭐ 偏多觀察
2022-05-17,20.8,31082,0.0,0.0,0.0,0.0,,14.07,11.3,True,False,False,⭐ 弱勢反彈
2022-05-18,21.3,71022,6.0,0.0,0.0,6.0,,27.77,16.79,True,False,False,⭐ 弱勢反彈
2022-05-19,21.1,25017,-1.0,0.0,0.0,-1.0,,36.7,23.43,False,False,False,❌ 空頭或無訊號
2022-05-20,21.5,94260,3.0,0.0,0.0,3.0,,50.1,32.32,False,False,False,❌ 空頭或無訊號
2022-05-23,21.65,43079,-5.0,0.0,0.0,-5.0,,62.89,42.51,False,False,False,❌ 空頭或無訊號
2022-05-24,21.6,51363,-13.0,0.0,0.0,-13.0,,68.12,51.05,False,False,False,❌ 空頭或無訊號
2022-05-25,21.6,27122,2.0,0.0,0.0,2.0,,71.34,57.81,False,False,False,❌ 空頭或無訊號
2022-05-26,21.4,29059,-4.0,0.0,0.0,-4.0,,68.07,61.23,False,False,False,❌ 空頭或無訊號
2022-05-27,21.55,17004,-1.0,0.0,0.0,-1.0,,68.99,63.82,False,False,False,❌ 空頭或無訊號
2022-05-30,21.7,48012,7.0,0.0,0.0,7.0,,73.53,67.06,False,False,False,❌ 空頭或無訊號
2022-05-31,21.7,16005,0.0,0.0,0.0,0.0,,76.56,70.22,False,False,False,❌ 空頭或無訊號
2022-06-01,21.8,74006,6.0,0.0,0.0,6.0,,78.82,73.09,False,False,False,❌ 空頭或無訊號
2022-06-02,21.8,22002,-1.0,0.0,0.0,-1.0,,76.35,74.18,False,False,False,❌ 空頭或無訊號
2022-06-06,21.7,20353,-2.0,0.0,0.0,-2.0,,69.95,72.77,False,False,False,❌ 空頭或無訊號
2022-06-07,21.55,19065,,,,,,56.89,67.47,False,False,False,❌ 空頭或無訊號
2022-06-08,21.5,26202,1.0,0.0,0.0,1.0,,45.62,60.19,False,False,False,❌ 空頭或無訊號
2022-06-09,21.45,24032,-1.0,0.0,0.0,-1.0,,33.19,51.19,False,False,False,❌ 空頭或無訊號
2022-06-10,21.55,24043,-2.0,0.0,0.0,-2.0,,30.46,44.28,False,False,False,❌ 空頭或無訊號
2022-06-13,21.05,42460,3.0,0.0,0.0,3.0,,20.31,36.29,False,False,False,❌ 空頭或無訊號
2022-06-14,21.0,39020,,,,,,13.54,28.71,False,False,False,❌ 空頭或無訊號
2022-06-15,21.0,28002,1.0,0.0,0.0,1.0,,10.61,22.67,True,False,False,⭐ 弱勢反彈
2022-06-16,20.95,64497,-12.0,0.0,0.0,-12.0,,10.41,18.59,True,False,False,⭐ 弱勢反彈
2022-06-17,20.75,38702,1.0,0.0,0.0,1.0,,11.11,16.09,True,False,False,⭐ 弱勢反彈
2022-06-20,20.7,74686,-8.0,0.0,0.0,-8.0,,12.74,14.97,True,False,False,⭐ 弱勢反彈
2022-06-21,20.95,36415,5.0,0.0,0.0,5.0,,20.49,16.81,True,True,False,⭐⭐ 偏多觀察
2022-06-22,20.35,61011,-4.0,0.0,0.0,-4.0,,13.66,15.76,False,False,False,❌ 空頭或無訊號
2022-06-23,20.15,167138,1.0,0.0,0.0,1.0,,17.44,16.32,True,True,False,⭐⭐ 偏多觀察
2022-06-24,20.25,32008,5.0,0.0,0.0,5.0,,22.74,18.46,True,False,False,⭐ 弱勢反彈
2022-06-27,20.4,55567,10.0,0.0,0.0,10.0,,29.3,22.07,False,False,False,❌ 空頭或無訊號
2022-06-28,20.35,26007,-5.0,0.0,0.0,-5.0,,33.51,25.89,False,False,False,❌ 空頭或無訊號
2022-06-29,20.3,27011,-11.0,0.0,0.0,-11.0,,35.24,29.01,False,False,False,❌ 空頭或無訊號
2022-06-30,19.8,83084,5.0,0.0,0.0,5.0,,25.65,27.89,False,False,False,❌ 空頭或無訊號
2022-07-01,19.0,196728,-23.0,0.0,0.0,-23.0,,17.1,24.29,False,False,False,❌ 空頭或無訊號
2022-07-04,18.8,61300,9.0,0.0,0.0,9.0,,11.4,19.99,True,False,False,⭐ 弱勢反彈
2022-07-05,18.75,141066,15.0,0.0,0.0,15.0,,10.7,16.9,True,False,False,⭐ 弱勢反彈
2022-07-06,18.75,39208,-6.0,0.0,0.0,-6.0,,10.92,14.9,True,False,False,⭐ 弱勢反彈
2022-07-07,18.9,43004,7.0,0.0,0.0,7.0,,13.34,14.38,True,False,False,⭐ 弱勢反彈
2022-07-08,18.9,22003,-2.0,0.0,0.0,-2.0,,14.95,14.57,True,True,False,⭐⭐ 偏多觀察
2022-07-11,18.85,10034,-4.0,0.0,0.0,-4.0,,16.11,15.09,True,False,False,⭐ 弱勢反彈
2022-07-12,18.6,77002,-6.0,0.0,0.0,-6.0,,14.25,14.81,True,False,False,⭐ 弱勢反彈
2022-07-13,19.35,49071,-3.0,0.0,0.0,-3.0,,32.12,20.58,True,True,False,⭐⭐ 偏多觀察
2022-07-14,19.5,15006,-1.0,0.0,0.0,-1.0,,51.97,31.04,False,False,False,❌ 空頭或無訊號
2022-07-15,19.45,45088,7.0,0.0,0.0,7.0,,66.46,42.85,False,False,False,❌ 空頭或無訊號
2022-07-18,19.45,16172,,,,,,76.13,53.94,False,False,False,❌ 空頭或無訊號
2022-07-19,19.25,13011,1.0,0.0,0.0,1.0,,76.51,61.46,False,False,False,❌ 空頭或無訊號
2022-07-20,19.5,27003,,,,,,82.89,68.61,False,False,False,❌ 空頭或無訊號
2022-07-21,19.45,20138,2.0,0.0,0.0,2.0,,85.69,74.3,False,False,False,❌ 空頭或無訊號
2022-07-22,19.55,19009,-1.0,0.0,0.0,-1.0,,87.8,78.8,False,False,False,❌ 空頭或無訊號
2022-07-25,19.45,29416,-1.0,0.0,0.0,-1.0,,81.45,79.68,False,False,False,❌ 空頭或無訊號
2022-07-26,19.4,9027,2.0,0.0,0.0,2.0,,69.45,76.27,False,False,False,❌ 空頭或無訊號
2022-07-27,19.5,22163,-7.0,0.0,0.0,-7.0,,67.51,73.35,False,False,False,❌ 空頭或無訊號
2022-07-28,19.6,21005,3.0,0.0,0.0,3.0,,71.67,72.79,False,False,False,❌ 空頭或無訊號
2022-07-29,19.6,43280,2.0,0.0,0.0,2.0,,73.71,73.1,False,True,False,⭐ 弱勢反彈
2022-08-01,19.55,44014,2.0,0.0,0.0,2.0,,72.47,72.89,False,False,False,❌ 空頭或無訊號
2022-08-02,19.35,83376,13.0,0.0,0.0,13.0,,58.32,68.03,False,False,False,❌ 空頭或無訊號
2022-08-03,19.2,78150,-1.0,0.0,0.0,-1.0,,51.38,62.48,False,False,False,❌ 空頭或無訊號
2022-08-04,19.15,30012,-10.0,0.0,0.0,-10.0,,44.67,56.54,False,False,False,❌ 空頭或無訊號
2022-08-05,19.45,59020,,,,,,54.22,55.77,False,False,False,❌ 空頭或無訊號
2022-08-08,19.4,25102,1.0,0.0,0.0,1.0,,58.37,56.64,False,True,False,⭐ 弱勢反彈
2022-08-09,19.35,32060,2.0,0.0,0.0,2.0,,58.91,57.4,False,False,False,❌ 空頭或無訊號
2022-08-10,19.5,22042,-1.0,0.0,0.0,-1.0,,64.28,59.69,False,False,False,❌ 空頭或無訊號
2022-08-11,19.6,37018,3.0,0.0,0.0,3.0,,68.78,62.72,False,False,False,❌ 空頭或無訊號
2022-08-12,19.9,67011,0.0,0.0,0.0,0.0,,74.84,66.76,False,False,False,❌ 空頭或無訊號
2022-08-15,20.0,29063,7.0,0.0,0.0,7.0,,81.78,71.76,False,False,False,❌ 空頭或無訊號
2022-08-16,20.1,23356,0.0,0.0,0.0,0.0,,87.85,77.13,False,False,False,❌ 空頭或無訊號
2022-08-17,20.0,20007,0.0,0.0,0.0,0.0,,86.1,80.12,False,False,False,❌ 空頭或無訊號
2022-08-18,20.0,26041,-1.0,0.0,0.0,-1.0,,84.94,81.72,False,False,False,❌ 空頭或無訊號
2022-08-19,20.05,30565,1.0,0.0,0.0,1.0,,81.63,81.69,False,False,False,❌ 空頭或無訊號
2022-08-22,20.05,25234,-2.0,0.0,0.0,-2.0,,76.64,80.01,False,False,False,❌ 空頭或無訊號
2022-08-23,20.0,22355,1.0,0.0,0.0,1.0,,69.84,76.62,False,False,False,❌ 空頭或無訊號
2022-08-24,19.9,41363,0.0,0.0,0.0,0.0,,59.9,71.04,False,False,False,❌ 空頭或無訊號
2022-08-25,20.05,36013,15.0,0.0,0.0,15.0,,53.26,65.12,False,False,False,❌ 空頭或無訊號
2022-08-26,20.2,36031,-1.0,0.0,0.0,-1.0,,58.84,63.03,False,False,False,❌ 空頭或無訊號
2022-08-29,20.0,59017,-2.0,0.0,0.0,-2.0,,51.35,59.13,False,False,False,❌ 空頭或無訊號
2022-08-30,20.0,49006,-1.0,0.0,0.0,-1.0,,46.35,54.87,False,False,False,❌ 空頭或無訊號
2022-08-31,20.1,22006,,,,,,49.08,52.94,False,False,False,❌ 空頭或無訊號
2022-09-01,20.0,52543,-1.0,0.0,0.0,-1.0,,46.06,50.65,False,False,False,❌ 空頭或無訊號
2022-09-02,20.0,22385,2.0,0.0,0.0,2.0,,44.04,48.44,False,False,False,❌ 空頭或無訊號
2022-09-05,20.05,20055,-4.0,0.0,0.0,-4.0,,46.03,47.64,False,False,False,❌ 空頭或無訊號
2022-09-06,20.0,60005,-10.0,0.0,0.0,-10.0,,44.02,46.43,False,False,False,❌ 空頭或無訊號
2022-09-07,19.9,11057,2.0,0.0,0.0,2.0,,38.44,43.77,False,False,False,❌ 空頭或無訊號
2022-09-08,19.9,22104,1.0,0.0,0.0,1.0,,34.71,40.75,False,False,False,❌ 空頭或無訊號
2022-09-12,20.05,24058,1.0,0.0,0.0,1.0,,41.32,40.94,False,True,False,⭐ 弱勢反彈
2022-09-13,20.55,121390,7.0,0.0,0.0,7.0,,58.92,46.93,False,False,False,❌ 空頭或無訊號
2022-09-14,20.2,26482,0.0,0.0,0.0,0.0,,56.93,50.27,False,False,False,❌ 空頭或無訊號
2022-09-15,20.2,21160,4.0,0.0,0.0,4.0,,55.6,52.04,False,False,False,❌ 空頭或無訊號
2022-09-16,20.2,20006,-2.0,0.0,0.0,-2.0,,54.71,52.93,False,False,True,⭐ 弱勢反彈
2022-09-19,20.1,40018,-4.0,0.0,0.0,-4.0,,50.2,52.02,False,False,False,❌ 空頭或無訊號
2022-09-20,20.05,30007,,,,,,45.23,49.76,False,False,False,❌ 空頭或無訊號
2022-09-21,20.05,15039,,,,,,39.04,46.19,False,False,False,❌ 空頭或無訊號
2022-09-22,20.15,26531,-17.0,0.0,0.0,-17.0,,39.36,43.91,False,False,False,❌ 空頭或無訊號
2022-09-23,20.1,33009,1.0,0.0,0.0,1.0,,37.35,41.73,False,False,True,⭐ 弱勢反彈
2022-09-26,19.85,66223,1.0,0.0,0.0,1.0,,33.24,38.9,False,False,True,⭐ 弱勢反彈
2022-09-27,19.8,31067,2.0,0.0,0.0,2.0,,37.95,38.58,False,False,True,⭐ 弱勢反彈
2022-09-28,19.45,103019,-11.0,0.0,0.0,-11.0,,30.3,35.82,False,False,False,❌ 空頭或無訊號
2022-09-29,19.8,12108,1.0,0.0,0.0,1.0,,36.86,36.17,False,True,True,⭐⭐ 偏多觀察
2022-09-30,19.55,31007,7.0,0.0,0.0,7.0,,35.1,35.81,False,False,False,❌ 空頭或無訊號
2022-10-03,19.65,17009,1.0,0.0,0.0,1.0,,38.22,36.61,False,True,False,⭐ 弱勢反彈
2022-10-04,19.9,32006,1.0,0.0,0.0,1.0,,49.55,40.93,False,False,True,⭐ 弱勢反彈
2022-10-05,20.05,91460,1.0,0.0,0.0,1.0,,61.1,47.65,False,False,True,⭐ 弱勢反彈
2022-10-06,20.0,21032,-1.0,0.0,0.0,-1.0,,67.05,54.12,False,False,True,⭐ 弱勢反彈
2022-10-07,20.1,45565,1.0,0.0,0.0,1.0,,73.03,60.42,False,False,True,⭐ 弱勢反彈
2022-10-11,19.75,61223,-4.0,0.0,0.0,-4.0,,65.36,62.07,False,False,False,❌ 空頭或無訊號
2022-10-12,19.9,41125,-6.0,0.0,0.0,-6.0,,65.24,63.12,False,False,True,⭐ 弱勢反彈
2022-10-13,18.1,157032,-9.0,0.0,2.0,-7.0,,43.49,56.58,False,False,False,❌ 空頭或無訊號
2022-10-14,18.85,28057,-1.0,0.0,0.0,-1.0,,40.62,51.26,False,False,False,❌ 空頭或無訊號
2022-10-17,18.8,10153,-1.0,0.0,0.0,-1.0,,37.93,46.82,False,False,False,❌ 空頭或無訊號
2022-10-18,18.95,11113,1.0,0.0,0.0,1.0,,38.47,44.04,False,False,False,❌ 空頭或無訊號
2022-10-19,18.8,17072,1.0,0.0,0.0,1.0,,36.5,41.52,False,False,False,❌ 空頭或無訊號
2022-10-20,18.9,20190,-1.0,0.0,0.0,-1.0,,36.74,39.93,False,False,False,❌ 空頭或無訊號
2022-10-21,18.95,17033,-3.0,0.0,0.0,-3.0,,39.81,39.89,False,False,False,❌ 空頭或無訊號
2022-10-24,19.05,28032,,,,,,44.13,41.3,False,True,False,⭐ 弱勢反彈
2022-10-25,19.0,11197,2.0,0.0,0.0,2.0,,46.56,43.05,False,False,False,❌ 空頭或無訊號
2022-10-26,18.6,35093,1.0,0.0,0.0,1.0,,34.55,40.22,False,False,False,❌ 空頭或無訊號
2022-10-27,18.8,16103,-1.0,0.0,0.0,-1.0,,33.56,38.0,False,False,False,❌ 空頭或無訊號
2022-10-28,18.5,14026,2.0,0.0,0.0,2.0,,22.37,32.79,False,False,False,❌ 空頭或無訊號
2022-10-31,18.8,18002,1.0,0.0,-2.0,-1.0,,25.44,30.34,False,False,False,❌ 空頭或無訊號
2022-11-01,18.85,11035,1.0,0.0,0.0,1.0,,29.24,29.97,False,False,False,❌ 空頭或無訊號
2022-11-02,18.95,30014,6.0,0.0,0.0,6.0,,39.49,33.15,False,True,False,⭐ 弱勢反彈
2022-11-03,18.75,21005,6.0,0.0,0.0,6.0,,37.44,34.58,False,False,False,❌ 空頭或無訊號
2022-11-04,18.95,37106,-1.0,0.0,0.0,-1.0,,44.96,38.04,False,False,False,❌ 空頭或無訊號
2022-11-07,20.8,331674,9.0,0.0,0.0,9.0,,63.31,46.46,False,False,True,⭐ 弱勢反彈
2022-11-08,21.7,2473083,0.0,0.0,0.0,0.0,,66.73,53.22,False,False,True,⭐ 弱勢反彈
2022-11-09,22.1,665492,8.0,0.0,0.0,8.0,,72.07,59.5,False,False,True,⭐ 弱勢反彈
2022-11-10,21.9,261104,2.0,0.0,0.0,2.0,,74.1,64.37,False,False,True,⭐ 弱勢反彈
2022-11-11,21.6,358007,-15.0,0.0,10.0,-5.0,,73.16,67.3,False,False,True,⭐ 弱勢反彈
2022-11-14,22.0,160306,-4.0,0.0,0.0,-4.0,,75.59,70.06,False,False,True,⭐ 弱勢反彈
2022-11-15,21.9,104118,-1.0,0.0,0.0,-1.0,,76.45,72.19,False,False,True,⭐ 弱勢反彈
2022-11-16,21.8,175317,0.0,0.0,0.0,0.0,,75.96,73.45,False,False,True,⭐ 弱勢反彈
2022-11-17,21.9,130202,2.0,0.0,0.0,2.0,,70.21,72.37,False,False,True,⭐ 弱勢反彈
2022-11-18,21.7,70588,1.0,0.0,0.0,1.0,,49.47,64.74,False,False,True,⭐ 弱勢反彈
2022-11-21,21.7,50261,-6.0,0.0,0.0,-6.0,,35.88,55.12,False,False,True,⭐ 弱勢反彈
2022-11-22,21.75,69113,16.0,0.0,0.0,16.0,,28.27,46.17,False,False,True,⭐ 弱勢反彈
2022-11-23,21.85,62507,-2.0,0.0,0.0,-2.0,,26.09,39.48,False,False,True,⭐ 弱勢反彈
2022-11-24,21.9,115026,0.0,0.0,0.0,0.0,,34.06,37.67,False,False,True,⭐ 弱勢反彈
2022-11-25,21.85,79067,-1.0,0.0,0.0,-1.0,,36.6,37.31,False,False,True,⭐ 弱勢反彈
2022-11-28,21.8,56028,2.0,0.0,0.0,2.0,,35.51,36.71,False,False,True,⭐ 弱勢反彈
2022-11-29,21.9,91008,-2.0,0.0,0.0,-2.0,,48.67,40.7,False,True,True,⭐⭐ 偏多觀察
2022-11-30,21.95,56011,2.0,0.0,0.0,2.0,,65.78,49.06,False,False,True,⭐ 弱勢反彈
2022-12-01,22.05,112142,1.0,0.0,0.0,1.0,,68.85,55.66,False,False,True,⭐ 弱勢反彈
2022-12-02,22.1,52030,0.0,0.0,0.0,0.0,,73.18,61.5,False,False,True,⭐ 弱勢反彈
2022-12-05,22.0,38031,1.0,0.0,0.0,1.0,,68.78,63.93,False,False,True,⭐ 弱勢反彈
2022-12-06,21.85,68038,-1.0,0.0,0.0,-1.0,,55.86,61.24,False,False,True,⭐ 弱勢反彈
2022-12-07,21.65,64191,2.0,0.0,0.0,2.0,,40.02,54.16,False,False,True,⭐ 弱勢反彈
2022-12-08,21.6,50463,1.0,0.0,0.0,1.0,,26.68,45.0,False,False,True,⭐ 弱勢反彈
2022-12-09,21.95,173554,-11.0,0.0,0.0,-11.0,,30.75,40.25,False,False,True,⭐ 弱勢反彈
2022-12-12,22.1,128399,-1.0,0.0,0.0,-1.0,,39.02,39.84,False,False,True,⭐ 弱勢反彈
2022-12-13,22.1,252539,6.0,0.0,0.0,6.0,,44.53,41.4,False,True,True,⭐⭐ 偏多觀察
2022-12-14,24.3,3331190,98.0,0.0,0.0,98.0,,63.02,48.61,False,False,True,⭐ 弱勢反彈
2022-12-15,23.45,2369755,-28.0,0.0,0.0,-28.0,,64.85,54.02,False,False,True,⭐ 弱勢反彈
2022-12-16,23.4,1263217,-1.0,0.0,10.0,9.0,,65.46,57.83,False,False,True,⭐ 弱勢反彈
2022-12-19,23.0,484748,-20.0,0.0,0.0,-20.0,,60.92,58.86,False,False,True,⭐ 弱勢反彈
2022-12-20,22.35,627149,-18.0,0.0,0.0,-18.0,,49.87,55.87,False,False,True,⭐ 弱勢反彈
2022-12-21,22.4,247231,5.0,0.0,0.0,5.0,,41.75,51.16,False,False,True,⭐ 弱勢反彈
2022-12-22,22.4,142122,-1.0,0.0,0.0,-1.0,,36.33,46.22,False,False,True,⭐ 弱勢反彈
2022-12-23,21.8,291375,5.0,0.0,0.0,5.0,,24.22,38.88,False,False,True,⭐ 弱勢反彈
2022-12-26,21.7,130048,4.0,0.0,0.0,4.0,,16.15,31.3,False,False,True,⭐ 弱勢反彈
2022-12-27,21.85,93282,1.0,0.0,0.0,1.0,,12.72,25.11,True,False,True,⭐⭐ 偏多觀察
2022-12-28,21.7,263221,2.0,0.0,0.0,2.0,,9.9,20.04,True,False,True,⭐⭐ 偏多觀察
2022-12-29,21.7,112049,-7.0,0.0,0.0,-7.0,,8.23,16.1,True,False,True,⭐⭐ 偏多觀察
2022-12-30,21.85,86005,-1.0,0.0,0.0,-1.0,,9.99,14.07,True,False,True,⭐⭐ 偏多觀察
2023-01-03,21.95,51006,1.0,0.0,0.0,1.0,,17.77,15.3,True,True,True,⭐⭐⭐ 黃金買點
2023-01-04,22.25,74111,-2.0,0.0,0.0,-2.0,,32.48,21.03,True,False,True,⭐⭐ 偏多觀察
2023-01-05,22.05,72079,2.0,0.0,0.0,2.0,,38.32,26.79,False,False,True,⭐ 弱勢反彈
2023-01-06,22.15,33008,,,,,,45.92,33.17,False,False,True,⭐ 弱勢反彈
2023-01-09,22.2,88015,3.0,0.0,0.0,3.0,,52.83,39.72,False,False,True,⭐ 弱勢反彈
2023-01-10,22.1,82006,11.0,0.0,0.0,11.0,,53.74,44.4,False,False,True,⭐ 弱勢反彈
2023-01-11,22.1,69023,-15.0,0.0,0.0,-15.0,,56.66,48.48,False,False,True,⭐ 弱勢反彈
2023-01-12,22.15,94207,0.0,0.0,0.0,0.0,,59.2,52.06,False,False,True,⭐ 弱勢反彈
2023-01-13,22.1,69013,-4.0,0.0,0.0,-4.0,,58.52,54.21,False,False,True,⭐ 弱勢反彈
2023-01-16,22.05,44134,-13.0,0.0,0.0,-13.0,,46.42,51.61,False,False,True,⭐ 弱勢反彈
2023-01-17,22.2,73165,-1.0,0.0,0.0,-1.0,,52.16,51.79,False,True,True,⭐⭐ 偏多觀察
2023-01-30,22.35,131036,27.0,0.0,16.0,43.0,,56.99,53.53,False,False,True,⭐ 弱勢反彈
2023-01-31,22.65,102038,-3.0,0.0,8.0,5.0,,66.07,57.71,False,False,True,⭐ 弱勢反彈
2023-02-01,22.7,102018,-8.0,0.0,10.0,2.0,,68.68,61.37,False,False,True,⭐ 弱勢反彈
2023-02-02,22.85,171077,-5.0,0.0,0.0,-5.0,,74.77,65.83,False,False,True,⭐ 弱勢反彈
2023-02-03,22.9,89039,7.0,0.0,0.0,7.0,,79.02,70.23,False,False,True,⭐ 弱勢反彈
2023-02-06,22.8,36086,-3.0,0.0,0.0,-3.0,,79.07,73.17,False,False,True,⭐ 弱勢反彈
2023-02-07,22.8,63093,,,,,,79.1,75.15,False,False,True,⭐ 弱勢反彈
2023-02-08,22.8,117099,-2.0,0.0,-11.0,-13.0,,79.12,76.47,False,False,True,⭐ 弱勢反彈
2023-02-09,22.95,97098,2.0,0.0,0.0,2.0,,82.16,78.37,False,False,True,⭐ 弱勢反彈
2023-02-10,22.6,131267,-11.0,0.0,-34.0,-45.0,,65.03,73.92,False,False,True,⭐ 弱勢反彈
2023-02-13,22.55,79427,-6.0,0.0,0.0,-6.0,,51.05,66.3,False,False,True,⭐ 弱勢反彈
2023-02-14,23.0,209649,7.0,0.0,0.0,7.0,,57.56,63.38,False,False,True,⭐ 弱勢反彈
2023-02-15,22.85,77594,-9.0,0.0,0.0,-9.0,,56.02,60.93,False,False,True,⭐ 弱勢反彈
2023-02-16,22.85,107125,-1.0,0.0,0.0,-1.0,,54.99,58.95,False,False,True,⭐ 弱勢反彈
2023-02-17,22.85,87057,3.0,0.0,0.0,3.0,,54.31,57.4,False,False,True,⭐ 弱勢反彈
2023-02-20,23.3,301263,22.0,0.0,0.0,22.0,,69.54,61.45,False,True,True,⭐⭐ 偏多觀察
2023-02-21,23.6,229125,14.0,0.0,0.0,14.0,,71.36,64.75,False,False,True,⭐ 弱勢反彈
2023-02-22,23.5,158386,21.0,0.0,0.0,21.0,,70.49,66.67,False,False,True,⭐ 弱勢反彈
2023-02-23,23.55,174079,15.0,0.0,0.0,15.0,,70.95,68.09,False,False,True,⭐ 弱勢反彈
2023-02-24,23.55,354149,15.0,0.0,0.0,15.0,,69.92,68.7,False,False,True,⭐ 弱勢反彈
2023-03-01,23.55,185455,10.0,0.0,0.0,10.0,,68.41,68.6,False,False,True,⭐ 弱勢反彈
2023-03-02,23.8,331074,-1.0,0.0,0.0,-1.0,,73.14,70.12,False,True,True,⭐⭐ 偏多觀察
2023-03-03,23.85,241055,-2.0,0.0,0.0,-2.0,,77.75,72.66,False,False,True,⭐ 弱勢反彈
2023-03-06,23.9,278861,96.0,0.0,0.0,96.0,,75.97,73.76,False,False,True,⭐ 弱勢反彈
2023-03-07,24.05,208935,38.0,0.0,0.0,38.0,,77.57,75.03,False,False,True,⭐ 弱勢反彈
2023-03-08,24.4,256365,52.0,0.0,0.0,52.0,,83.9,77.99,False,False,True,⭐ 弱勢反彈
2023-03-09,24.25,367171,46.0,0.0,0.0,46.0,,80.29,78.75,False,False,True,⭐ 弱勢反彈
2023-03-10,24.3,290113,54.0,0.0,0.0,54.0,,79.17,78.89,False,False,True,⭐ 弱勢反彈
2023-03-13,24.35,330663,12.0,0.0,37.0,49.0,,79.7,79.16,False,False,True,⭐ 弱勢反彈
2023-03-14,24.05,124149,18.0,0.0,0.0,18.0,,67.17,75.16,False,False,True,⭐ 弱勢反彈
2023-03-15,24.15,108468,12.0,0.0,0.0,12.0,,59.36,69.9,False,False,True,⭐ 弱勢反彈
2023-03-16,23.7,203374,-14.0,0.0,0.0,-14.0,,39.58,59.79,False,False,True,⭐ 弱勢反彈
2023-03-17,24.25,193534,46.0,0.0,47.0,93.0,,45.68,55.09,False,False,True,⭐ 弱勢反彈
2023-03-20,25.2,855912,115.0,0.0,-4.0,111.0,,58.23,56.14,False,True,True,⭐⭐ 偏多觀察
2023-03-21,26.25,904899,135.0,0.0,0.0,135.0,,70.9,61.06,False,False,True,⭐ 弱勢反彈
2023-03-22,26.2,610053,-39.0,0.0,0.0,-39.0,,76.5,66.21,False,False,True,⭐ 弱勢反彈
2023-03-23,26.6,594672,84.0,0.0,-4.0,80.0,,81.69,71.37,False,False,True,⭐ 弱勢反彈
2023-03-24,29.1,3706768,-59.0,0.0,-7.0,-66.0,,86.89,76.54,False,False,True,⭐ 弱勢反彈
2023-03-27,27.95,2878793,-116.0,0.0,8.0,-108.0,,82.78,78.62,False,False,True,⭐ 弱勢反彈
2023-03-28,28.1,971218,40.0,0.0,17.0,57.0,,80.92,79.39,False,False,True,⭐ 弱勢反彈
2023-03-29,28.2,1006057,-14.0,0.0,25.0,11.0,,80.14,79.64,False,False,True,⭐ 弱勢反彈
2023-03-30,28.5,1841795,9.0,0.0,1.0,10.0,,80.02,79.76,False,False,True,⭐ 弱勢反彈
2023-03-31,29.05,3649995,-70.0,0.0,10.0,-60.0,,83.19,80.91,False,False,True,⭐ 弱勢反彈
2023-04-06,28.8,920983,-77.0,0.0,34.0,-43.0,,82.13,81.31,False,False,True,⭐ 弱勢反彈
2023-04-07,28.7,685703,-5.0,0.0,0.0,-5.0,,80.46,81.03,False,False,True,⭐ 弱勢反彈
2023-04-10,28.95,567637,71.0,0.0,0.0,71.0,,80.87,80.98,False,False,True,⭐ 弱勢反彈
2023-04-11,29.25,1213706,184.0,0.0,0.0,184.0,,83.28,81.74,False,True,True,⭐⭐ 偏多觀察
2023-04-12,29.6,1596889,156.0,0.0,-2.0,154.0,,82.68,82.05,False,False,True,⭐ 弱勢反彈
2023-04-13,29.2,2157668,154.0,0.0,0.0,154.0,,73.45,79.19,False,False,True,⭐ 弱勢反彈
2023-04-14,27.1,1105088,-192.0,0.0,0.0,-192.0,,49.51,69.3,False,False,True,⭐ 弱勢反彈
2023-04-17,26.6,1010918,-64.0,0.0,10.0,-54.0,,33.94,57.51,False,False,True,⭐ 弱勢反彈
2023-04-18,26.55,531008,72.0,0.0,-1.0,71.0,,24.82,46.61,False,False,True,⭐ 弱勢反彈
2023-04-19,26.15,554582,-3.0,0.0,3.0,0.0,,17.37,36.86,False,False,True,⭐ 弱勢反彈
2023-04-20,25.55,546713,-105.0,0.0,0.0,-105.0,,11.58,28.44,True,False,True,⭐⭐ 偏多觀察
2023-04-21,24.85,619605,43.0,0.0,-41.0,2.0,,9.23,22.03,True,False,True,⭐⭐ 偏多觀察
2023-04-24,25.35,284592,130.0,0.0,-43.0,87.0,,10.7,18.26,True,False,True,⭐⭐ 偏多觀察
2023-04-25,24.5,320596,-66.0,0.0,2.0,-64.0,,7.13,14.55,True,False,False,⭐ 弱勢反彈
2023-04-26,24.6,453607,262.0,0.0,3.0,265.0,,9.26,12.79,True,False,False,⭐ 弱勢反彈
2023-04-27,24.95,409273,-19.0,0.0,-5.0,-24.0,,15.62,13.73,True,True,False,⭐⭐ 偏多觀察
2023-04-28,25.6,370457,175.0,0.0,-1.0,174.0,,27.96,18.47,True,False,True,⭐⭐ 偏多觀察
2023-05-02,25.6,279479,25.0,0.0,-68.0,-43.0,,37.87,24.94,False,False,True,⭐ 弱勢反彈
2023-05-03,25.55,188952,71.0,0.0,0.0,71.0,,47.22,32.36,False,False,True,⭐ 弱勢反彈
2023-05-04,25.9,203694,-1.0,0.0,23.0,22.0,,64.81,43.18,False,False,True,⭐ 弱勢反彈
2023-05-05,26.1,330562,78.0,0.0,0.0,78.0,,74.95,53.77,False,False,True,⭐ 弱勢反彈
2023-05-08,25.35,370913,-101.0,0.0,0.0,-101.0,,68.91,58.82,False,False,True,⭐ 弱勢反彈
2023-05-09,25.6,277082,2.0,0.0,0.0,2.0,,68.67,62.1,False,False,True,⭐ 弱勢反彈
2023-05-10,25.35,153546,14.0,0.0,-3.0,11.0,,60.48,61.56,False,False,False,❌ 空頭或無訊號
2023-05-11,24.7,287261,-73.0,0.0,0.0,-73.0,,40.32,54.48,False,False,False,❌ 空頭或無訊號
2023-05-12,25.5,384487,128.0,0.0,0.0,128.0,,45.4,51.45,False,False,True,⭐ 弱勢反彈
2023-05-15,25.0,182689,-27.0,0.0,-27.0,-54.0,,39.53,47.48,False,False,False,❌ 空頭或無訊號
2023-05-16,25.25,194871,62.0,0.0,17.0,79.0,,40.24,45.07,False,False,False,❌ 空頭或無訊號
2023-05-17,26.35,1388470,33.0,0.0,24.0,57.0,,52.0,47.38,False,True,True,⭐⭐ 偏多觀察
2023-05-18,26.7,1669717,-97.0,0.0,0.0,-97.0,,62.87,52.54,False,False,True,⭐ 弱勢反彈
2023-05-19,26.5,393061,-3.0,0.0,-14.0,-17.0,,67.55,57.54,False,False,True,⭐ 弱勢反彈
2023-05-22,26.8,342437,184.0,0.0,0.0,184.0,,74.52,63.2,False,False,True,⭐ 弱勢反彈
2023-05-23,26.6,204002,-8.0,0.0,0.0,-8.0,,76.61,67.67,False,False,True,⭐ 弱勢反彈
2023-05-24,26.95,520537,250.0,0.0,-9.0,241.0,,82.48,72.61,False,False,True,⭐ 弱勢反彈
2023-05-25,27.1,526360,83.0,0.0,0.0,83.0,,86.36,77.19,False,False,True,⭐ 弱勢反彈
2023-05-26,26.45,458088,-108.0,0.0,0.0,-108.0,,79.18,77.85,False,False,True,⭐ 弱勢反彈
2023-05-29,27.1,576886,411.0,0.0,0.0,411.0,,81.36,79.02,False,False,True,⭐ 弱勢反彈
2023-05-30,27.35,550400,219.0,0.0,8.0,227.0,,84.67,80.91,False,False,True,⭐ 弱勢反彈
2023-05-31,29.05,5385542,740.0,0.0,0.0,740.0,,85.09,82.3,False,False,True,⭐ 弱勢反彈
2023-06-01,29.15,2172023,-123.0,0.0,-49.0,-172.0,,86.42,83.67,False,False,True,⭐ 弱勢反彈
2023-06-02,28.75,1044405,-116.0,0.0,0.0,-116.0,,82.75,83.36,False,False,True,⭐ 弱勢反彈
2023-06-05,28.7,670985,57.0,0.0,0.0,57.0,,79.76,82.16,False,False,True,⭐ 弱勢反彈
2023-06-06,28.3,778172,-27.0,0.0,0.0,-27.0,,73.39,79.24,False,False,True,⭐ 弱勢反彈
2023-06-07,29.1,954366,422.0,0.0,0.0,422.0,,77.89,78.79,False,False,True,⭐ 弱勢反彈
2023-06-08,28.8,523955,-35.0,0.0,0.0,-35.0,,76.93,78.17,False,False,True,⭐ 弱勢反彈
2023-06-09,29.55,2145053,677.0,0.0,0.0,677.0,,83.31,79.88,False,True,True,⭐⭐ 偏多觀察
2023-06-12,28.75,1440328,-499.0,0.0,0.0,-499.0,,72.53,77.43,False,False,True,⭐ 弱勢反彈
2023-06-13,29.3,1301327,584.0,0.0,0.0,584.0,,69.08,74.65,False,False,True,⭐ 弱勢反彈
2023-06-14,31.0,4341089,823.0,0.0,0.0,823.0,,79.38,76.23,False,True,True,⭐⭐ 偏多觀察
2023-06-15,30.45,4494121,-1202.0,0.0,0.0,-1202.0,,78.91,77.12,False,False,True,⭐ 弱勢反彈
2023-06-16,30.3,2136229,-195.0,0.0,0.0,-195.0,,76.9,77.05,False,False,True,⭐ 弱勢反彈
2023-06-19,31.2,6710931,-382.0,0.0,0.0,-382.0,,77.75,77.28,False,True,True,⭐⭐ 偏多觀察
2023-06-20,30.7,1571625,-160.0,0.0,0.0,-160.0,,72.73,75.76,False,False,True,⭐ 弱勢反彈
2023-06-21,30.4,858891,151.0,0.0,64.0,215.0,,66.4,72.64,False,False,True,⭐ 弱勢反彈
2023-06-26,29.85,796828,71.0,0.0,0.0,71.0,,56.7,67.33,False,False,True,⭐ 弱勢反彈
2023-06-27,28.85,1172110,230.0,0.0,0.0,230.0,,39.82,58.16,False,False,True,⭐ 弱勢反彈
2023-06-28,29.2,551141,236.0,0.0,0.0,236.0,,32.1,49.47,False,False,True,⭐ 弱勢反彈
2023-06-29,30.05,1931989,282.0,0.0,0.0,282.0,,35.54,44.83,False,False,True,⭐ 弱勢反彈
2023-06-30,31.55,3105341,1173.0,0.0,0.0,1173.0,,52.99,47.55,False,True,True,⭐⭐ 偏多觀察
2023-07-03,32.0,2193631,67.0,0.0,74.0,141.0,,65.51,53.54,False,False,True,⭐ 弱勢反彈
2023-07-04,31.85,1192907,197.0,0.0,0.0,197.0,,72.12,59.73,False,False,True,⭐ 弱勢反彈
2023-07-05,31.45,881027,119.0,0.0,1.0,120.0,,72.97,64.14,False,False,True,⭐ 弱勢反彈
2023-07-06,31.0,876701,146.0,0.0,2.0,148.0,,69.53,65.94,False,False,True,⭐ 弱勢反彈
2023-07-07,31.1,778304,-69.0,0.0,1.0,-68.0,,68.13,66.67,False,False,True,⭐ 弱勢反彈
2023-07-10,30.25,626116,-134.0,0.0,0.0,-134.0,,57.04,63.46,False,False,True,⭐ 弱勢反彈
2023-07-11,30.35,472206,-6.0,0.0,0.0,-6.0,,46.95,57.96,False,False,True,⭐ 弱勢反彈
2023-07-12,30.45,518260,-110.0,0.0,0.0,-110.0,,38.64,51.52,False,False,True,⭐ 弱勢反彈
2023-07-13,30.6,873576,409.0,0.0,-1.0,408.0,,35.09,46.04,False,False,True,⭐ 弱勢反彈
2023-07-14,33.3,3257499,423.0,0.0,-4.0,419.0,,56.73,49.6,False,True,True,⭐⭐ 偏多觀察
2023-07-17,32.6,2640972,-312.0,0.0,29.0,-283.0,,61.19,53.47,False,False,True,⭐ 弱勢反彈
2023-07-18,31.5,1825452,-189.0,0.0,6.0,-183.0,,54.65,53.86,False,False,True,⭐ 弱勢反彈
2023-07-19,30.95,853470,-149.0,0.0,-11.0,-160.0,,45.52,51.08,False,False,True,⭐ 弱勢反彈
2023-07-20,31.7,596978,47.0,0.0,-2.0,45.0,,45.93,49.37,False,False,True,⭐ 弱勢反彈
2023-07-21,30.95,784921,-293.0,0.0,3.0,-290.0,,39.71,46.15,False,False,True,⭐ 弱勢反彈
2023-07-24,29.75,1310438,51.0,0.0,3.0,54.0,,29.51,40.6,False,False,True,⭐ 弱勢反彈
2023-07-25,29.9,667030,0.0,0.0,-1.0,-1.0,,23.84,35.01,False,False,True,⭐ 弱勢反彈
2023-07-26,29.15,612059,-165.0,0.0,3.0,-162.0,,16.6,28.88,False,False,True,⭐ 弱勢反彈
2023-07-27,31.55,4634393,-575.0,0.0,-9.0,-584.0,,28.8,28.85,True,False,True,⭐⭐ 偏多觀察
2023-07-28,32.25,9347070,-1610.0,0.0,-5.0,-1615.0,,38.25,31.98,False,True,True,⭐⭐ 偏多觀察
2023-07-31,32.25,2484803,995.0,0.0,5.0,1000.0,,44.54,36.17,False,False,True,⭐ 弱勢反彈
2023-08-01,32.15,1012017,-88.0,0.0,0.0,-88.0,,48.15,40.16,False,False,True,⭐ 弱勢反彈
2023-08-02,30.55,1270305,-423.0,0.0,5.0,-418.0,,41.03,40.45,False,False,True,⭐ 弱勢反彈
2023-08-04,30.7,376924,53.0,0.0,0.0,53.0,,37.17,39.36,False,False,True,⭐ 弱勢反彈
2023-08-07,30.55,574971,-57.0,0.0,-33.0,-90.0,,33.71,37.48,False,False,True,⭐ 弱勢反彈
2023-08-08,29.85,523715,-104.0,0.0,0.0,-104.0,,27.24,34.06,False,False,True,⭐ 弱勢反彈
2023-08-09,29.7,637023,-86.0,0.0,0.0,-86.0,,21.49,29.87,False,False,True,⭐ 弱勢反彈
2023-08-10,28.85,1041844,-187.0,0.0,3.0,-184.0,,17.45,25.73,False,False,False,❌ 空頭或無訊號
2023-08-11,28.5,925143,-77.0,0.0,1.0,-76.0,,13.35,21.61,True,False,False,⭐ 弱勢反彈
2023-08-14,27.75,735829,63.0,0.0,-70.0,-7.0,,10.97,18.06,True,False,False,⭐ 弱勢反彈
2023-08-15,27.95,442879,-152.0,0.0,0.0,-152.0,,11.39,15.83,True,False,False,⭐ 弱勢反彈
2023-08-16,28.05,479929,182.0,0.0,7.0,189.0,,14.52,15.4,True,False,False,⭐ 弱勢反彈
2023-08-17,29.05,304989,138.0,0.0,0.0,138.0,,26.58,19.12,True,True,False,⭐⭐ 偏多觀察
2023-08-18,28.5,389774,-107.0,0.0,0.0,-107.0,,29.46,22.57,False,False,False,❌ 空頭或無訊號
2023-08-21,28.75,156919,-30.0,0.0,0.0,-30.0,,35.51,26.88,False,False,False,❌ 空頭或無訊號
2023-08-22,28.5,162220,-27.0,0.0,0.0,-27.0,,39.4,31.05,False,False,False,❌ 空頭或無訊號
2023-08-23,28.9,480762,67.0,0.0,0.0,67.0,,51.85,37.98,False,False,False,❌ 空頭或無訊號
2023-08-24,28.55,237586,-93.0,0.0,0.0,-93.0,,54.72,43.56,False,False,False,❌ 空頭或無訊號
2023-08-25,28.1,188251,67.0,0.0,0.0,67.0,,49.66,45.59,False,False,False,❌ 空頭或無訊號
2023-08-28,27.05,693922,-170.0,0.0,0.0,-170.0,,33.8,41.66,False,False,False,❌ 空頭或無訊號
2023-08-29,27.55,189786,91.0,0.0,0.0,91.0,,30.17,37.83,False,False,False,❌ 空頭或無訊號
2023-08-30,28.2,190463,34.0,0.0,0.0,34.0,,36.78,37.48,False,False,False,❌ 空頭或無訊號
2023-08-31,29.0,812849,16.0,0.0,0.0,16.0,,51.73,42.23,False,True,False,⭐ 弱勢反彈
2023-09-01,29.35,2783120,-712.0,0.0,0.0,-712.0,,55.38,46.61,False,False,False,❌ 空頭或無訊號
2023-09-04,29.45,432095,114.0,0.0,0.0,114.0,,58.7,50.64,False,False,False,❌ 空頭或無訊號
2023-09-05,30.3,1972507,372.0,0.0,0.0,372.0,,68.46,56.58,False,False,True,⭐ 弱勢反彈
2023-09-06,30.45,580160,250.0,0.0,0.0,250.0,,76.31,63.16,False,False,True,⭐ 弱勢反彈
2023-09-07,30.4,872413,62.0,0.0,0.0,62.0,,77.86,68.06,False,False,True,⭐ 弱勢反彈
2023-09-08,30.45,380781,50.0,0.0,0.0,50.0,,79.14,71.75,False,False,True,⭐ 弱勢反彈
2023-09-11,29.7,382859,-39.0,0.0,0.0,-39.0,,71.81,71.77,False,False,False,❌ 空頭或無訊號
2023-09-12,29.5,376574,37.0,0.0,0.0,37.0,,63.22,68.92,False,False,False,❌ 空頭或無訊號
2023-09-13,29.55,197919,70.0,0.0,0.0,70.0,,47.27,61.7,False,False,False,❌ 空頭或無訊號
2023-09-14,30.25,371840,198.0,0.0,0.0,198.0,,47.73,57.05,False,False,False,❌ 空頭或無訊號
2023-09-15,30.75,828028,222.0,0.0,0.0,222.0,,56.58,56.89,False,False,True,⭐ 弱勢反彈
2023-09-18,30.95,703349,213.0,0.0,0.0,213.0,,66.29,60.03,False,True,True,⭐⭐ 偏多觀察
2023-09-19,31.0,382029,11.0,0.0,0.0,11.0,,72.9,64.32,False,False,True,⭐ 弱勢反彈
2023-09-20,30.55,748663,63.0,0.0,0.0,63.0,,65.27,64.63,False,False,True,⭐ 弱勢反彈
2023-09-21,30.5,263625,55.0,0.0,0.0,55.0,,59.42,62.9,False,False,True,⭐ 弱勢反彈
2023-09-22,30.3,152171,-43.0,0.0,0.0,-43.0,,52.49,59.43,False,False,True,⭐ 弱勢反彈
2023-09-25,30.8,158365,61.0,0.0,0.0,61.0,,55.45,58.1,False,False,False,❌ 空頭或無訊號
2023-09-26,29.8,303107,-166.0,0.0,0.0,-166.0,,41.62,52.61,False,False,False,❌ 空頭或無訊號
2023-09-27,29.6,209325,-8.0,0.0,0.0,-8.0,,33.19,46.13,False,False,False,❌ 空頭或無訊號
2023-09-28,29.45,245796,-2.0,0.0,0.0,-2.0,,25.53,39.26,False,False,False,❌ 空頭或無訊號
2023-10-02,29.95,189866,72.0,0.0,0.0,72.0,,27.22,35.25,False,False,False,❌ 空頭或無訊號
2023-10-03,30.1,695459,98.0,0.0,0.0,98.0,,30.39,33.63,False,False,False,❌ 空頭或無訊號
2023-10-04,31.1,703834,225.0,0.0,0.0,225.0,,50.42,39.23,False,True,True,⭐⭐ 偏多觀察
2023-10-05,30.85,601414,-13.0,0.0,0.0,-13.0,,54.77,44.41,False,False,True,⭐ 弱勢反彈
2023-10-06,31.15,540435,200.0,0.0,0.0,200.0,,61.51,50.11,False,False,True,⭐ 弱勢反彈
2023-10-11,30.3,465629,-89.0,0.0,66.0,-23.0,,55.11,51.78,False,False,False,❌ 空頭或無訊號
2023-10-12,30.7,339336,131.0,0.0,0.0,131.0,,55.97,53.17,False,False,False,❌ 空頭或無訊號
2023-10-13,30.0,298436,-3.0,0.0,0.0,-3.0,,47.12,51.16,False,False,False,❌ 空頭或無訊號
2023-10-16,30.25,222530,-31.0,0.0,1.0,-30.0,,42.28,48.2,False,False,False,❌ 空頭或無訊號
2023-10-17,29.9,280113,-100.0,0.0,0.0,-100.0,,32.06,42.82,False,False,False,❌ 空頭或無訊號
2023-10-18,29.55,294510,-107.0,0.0,1.0,-106.0,,24.1,36.58,False,False,False,❌ 空頭或無訊號
2023-10-19,30.15,137312,8.0,0.0,18.0,26.0,,26.95,33.37,False,False,False,❌ 空頭或無訊號
2023-10-20,29.65,182551,-103.0,0.0,0.0,-103.0,,22.22,29.65,False,False,False,❌ 空頭或無訊號
2023-10-23,30.0,132238,36.0,0.0,0.0,36.0,,24.03,27.78,False,False,True,⭐ 弱勢反彈
2023-10-24,30.6,229053,49.0,0.0,0.0,49.0,,44.76,33.44,False,True,True,⭐⭐ 偏多觀察
2023-10-25,30.8,233041,104.0,0.0,0.0,104.0,,57.46,41.45,False,False,False,❌ 空頭或無訊號
2023-10-26,30.1,151177,39.0,0.0,0.0,39.0,,52.59,45.16,False,False,False,❌ 空頭或無訊號
2023-10-27,30.5,91303,-23.0,0.0,0.0,-23.0,,56.97,49.1,False,False,False,❌ 空頭或無訊號
2023-10-30,31.3,3061595,303.0,0.0,-5.0,298.0,,57.38,51.86,False,False,False,❌ 空頭或無訊號
2023-10-31,30.5,618025,4.0,0.0,2.0,6.0,,49.36,51.03,False,False,False,❌ 空頭或無訊號
2023-11-01,29.7,611269,-104.0,0.0,0.0,-104.0,,35.94,46.0,False,False,False,❌ 空頭或無訊號
2023-11-02,30.75,506404,214.0,0.0,0.0,214.0,,36.98,42.99,False,False,True,⭐ 弱勢反彈
2023-11-03,30.55,245643,5.0,0.0,0.0,5.0,,34.1,40.03,False,False,True,⭐ 弱勢反彈
2023-11-06,31.65,1724851,42.0,0.0,-2.0,40.0,,44.4,41.48,False,True,True,⭐⭐ 偏多觀察
2023-11-07,31.85,1143091,302.0,0.0,-1.0,301.0,,53.49,45.49,False,False,True,⭐ 弱勢反彈
2023-11-08,32.0,798670,127.0,0.0,0.0,127.0,,61.21,50.73,False,False,True,⭐ 弱勢反彈
2023-11-09,32.2,605007,-60.0,0.0,2.0,-58.0,,68.59,56.68,False,False,True,⭐ 弱勢反彈
2023-11-10,32.0,342878,-71.0,0.0,7.0,-64.0,,71.28,61.55,False,False,True,⭐ 弱勢反彈
2023-11-13,31.9,465037,37.0,0.0,0.0,37.0,,71.96,65.02,False,False,True,⭐ 弱勢反彈
2023-11-14,31.95,480761,67.0,0.0,67.0,134.0,,72.05,67.36,False,False,True,⭐ 弱勢反彈
2023-11-15,32.2,875738,47.0,0.0,26.0,73.0,,73.96,69.56,False,False,True,⭐ 弱勢反彈
2023-11-16,31.75,475692,-23.0,0.0,0.0,-23.0,,56.25,65.13,False,False,True,⭐ 弱勢反彈
2023-11-17,31.7,302406,-29.0,0.0,-10.0,-39.0,,43.3,57.85,False,False,True,⭐ 弱勢反彈
2023-11-20,32.05,421986,127.0,0.0,0.0,127.0,,44.81,53.5,False,False,True,⭐ 弱勢反彈
2023-11-21,32.1,448000,-1.0,0.0,0.0,-1.0,,47.26,51.42,False,False,True,⭐ 弱勢反彈
2023-11-22,32.25,326037,33.0,0.0,0.0,33.0,,52.72,51.86,False,True,True,⭐⭐ 偏多觀察
2023-11-23,32.45,1103155,-87.0,0.0,0.0,-87.0,,54.5,52.74,False,False,True,⭐ 弱勢反彈
2023-11-24,32.6,785525,-87.0,0.0,0.0,-87.0,,58.21,54.56,False,False,True,⭐ 弱勢反彈
2023-11-27,31.7,588161,-207.0,0.0,1.0,-206.0,,41.93,50.35,False,False,True,⭐ 弱勢反彈
2023-11-28,34.85,6689276,572.0,0.0,-5.0,567.0,,61.29,54.0,False,True,True,⭐⭐ 偏多觀察
2023-11-29,34.3,5845405,-864.0,0.0,-1.0,-865.0,,62.03,56.68,False,False,True,⭐ 弱勢反彈
2023-11-30,34.9,3112905,293.0,0.0,0.0,293.0,,67.06,60.14,False,False,True,⭐ 弱勢反彈
2023-12-01,34.75,1588431,-261.0,0.0,0.0,-261.0,,69.2,63.16,False,False,True,⭐ 弱勢反彈
2023-12-04,35.35,2488035,276.0,0.0,-1.0,275.0,,73.17,66.5,False,False,True,⭐ 弱勢反彈
2023-12-05,34.95,1094964,-143.0,0.0,1.0,-142.0,,72.86,68.62,False,False,True,⭐ 弱勢反彈
2023-12-06,35.2,1209068,214.0,0.0,-8.0,206.0,,74.5,70.58,False,False,True,⭐ 弱勢反彈
2023-12-07,35.0,1688890,-119.0,0.0,-1.0,-120.0,,72.82,71.33,False,False,True,⭐ 弱勢反彈
2023-12-08,35.3,1298089,432.0,0.0,0.0,432.0,,73.81,72.15,False,False,True,⭐ 弱勢反彈
2023-12-11,35.65,1453105,254.0,0.0,0.0,254.0,,71.66,71.99,False,False,True,⭐ 弱勢反彈
2023-12-12,34.65,1881774,-169.0,0.0,1.0,-168.0,,55.02,66.33,False,False,True,⭐ 弱勢反彈
2023-12-13,34.95,730024,320.0,0.0,0.0,320.0,,45.62,59.43,False,False,True,⭐ 弱勢反彈
2023-12-14,35.5,5329995,-335.0,0.0,5.0,-330.0,,44.79,54.55,False,False,True,⭐ 弱勢反彈
2023-12-15,36.4,3138164,-322.0,0.0,-7.0,-329.0,,56.01,55.04,False,True,True,⭐⭐ 偏多觀察
2023-12-18,35.6,2044782,-930.0,0.0,1.0,-929.0,,53.02,54.36,False,False,True,⭐ 弱勢反彈
2023-12-19,34.9,1137674,-32.0,0.0,1.0,-31.0,,41.89,50.2,False,False,True,⭐ 弱勢反彈
2023-12-20,35.05,528755,-40.0,0.0,0.0,-40.0,,36.42,45.61,False,False,True,⭐ 弱勢反彈
2023-12-21,35.0,508329,82.0,0.0,0.0,82.0,,32.12,41.11,False,False,True,⭐ 弱勢反彈
2023-12-22,38.0,9001904,616.0,0.0,1.0,617.0,,51.42,44.55,False,True,True,⭐⭐ 偏多觀察
2023-12-25,36.9,3992944,-768.0,0.0,2.0,-766.0,,54.28,47.79,False,False,True,⭐ 弱勢反彈
2023-12-26,36.6,1327843,-110.0,0.0,0.0,-110.0,,53.52,49.7,False,False,True,⭐ 弱勢反彈
2023-12-27,37.05,1527230,-47.0,0.0,-1.0,-48.0,,57.01,52.14,False,False,True,⭐ 弱勢反彈
2023-12-28,36.9,2935792,-551.0,0.0,0.0,-551.0,,58.01,54.09,False,False,True,⭐ 弱勢反彈
2023-12-29,36.9,2040231,-445.0,0.0,0.0,-445.0,,58.67,55.62,False,False,True,⭐ 弱勢反彈
2024-01-02,36.8,999537,180.0,0.0,0.0,180.0,,58.23,56.49,False,False,True,⭐ 弱勢反彈
2024-01-03,36.8,748440,8.0,0.0,1.0,9.0,,57.93,56.97,False,False,True,⭐ 弱勢反彈
2024-01-04,36.55,4131402,-497.0,0.0,-2.0,-499.0,,49.11,54.35,False,False,True,⭐ 弱勢反彈
2024-01-05,36.3,795742,-173.0,0.0,0.0,-173.0,,39.15,49.28,False,False,True,⭐ 弱勢反彈
2024-01-08,35.85,598897,-8.0,0.0,-6.0,-14.0,,26.78,41.78,False,False,True,⭐ 弱勢反彈
2024-01-09,34.75,1074016,30.0,0.0,0.0,30.0,,17.85,33.81,False,False,True,⭐ 弱勢反彈
2024-01-10,35.2,738434,6.0,0.0,2.0,8.0,,16.19,27.93,True,False,True,⭐⭐ 偏多觀察
2024-01-11,35.25,475416,115.0,0.0,23.0,138.0,,15.55,23.81,True,False,True,⭐⭐ 偏多觀察
2024-01-12,34.75,607660,-246.0,0.0,-15.0,-261.0,,10.37,19.33,True,False,True,⭐⭐ 偏多觀察
2024-01-15,35.95,989698,397.0,0.0,5.0,402.0,,18.34,19.0,True,False,True,⭐⭐ 偏多觀察
2024-01-16,35.75,445769,-79.0,0.0,2.0,-77.0,,21.75,19.92,True,True,True,⭐⭐⭐ 黃金買點
2024-01-17,34.85,601473,-121.0,0.0,3.0,-118.0,,15.98,18.61,False,False,True,⭐ 弱勢反彈
2024-01-18,34.6,523801,-111.0,0.0,0.0,-111.0,,15.84,17.68,True,False,True,⭐⭐ 偏多觀察
2024-01-19,35.1,556774,250.0,0.0,0.0,250.0,,24.73,20.03,True,True,True,⭐⭐⭐ 黃金買點
2024-01-22,35.7,503488,174.0,0.0,-57.0,117.0,,40.65,26.9,False,False,True,⭐ 弱勢反彈
2024-01-23,35.75,308641,-42.0,0.0,0.0,-42.0,,52.1,35.3,False,False,True,⭐ 弱勢反彈
2024-01-24,35.9,740198,239.0,0.0,0.0,239.0,,59.73,43.45,False,False,True,⭐ 弱勢反彈
2024-01-25,35.5,469453,-90.0,0.0,0.0,-90.0,,58.76,48.55,False,False,True,⭐ 弱勢反彈
2024-01-26,35.1,222412,-62.0,0.0,0.0,-62.0,,52.05,49.72,False,False,True,⭐ 弱勢反彈
2024-01-29,35.0,271254,-58.0,0.0,0.0,-58.0,,46.07,48.5,False,False,True,⭐ 弱勢反彈
2024-01-30,34.5,508678,-191.0,0.0,0.0,-191.0,,34.5,43.83,False,False,False,❌ 空頭或無訊號
2024-01-31,34.3,438490,-106.0,0.0,0.0,-106.0,,24.48,37.38,False,False,False,❌ 空頭或無訊號
2024-02-01,33.95,484025,28.0,0.0,-26.0,2.0,,16.32,30.36,False,False,False,❌ 空頭或無訊號
2024-02-02,33.85,384532,-138.0,0.0,0.0,-138.0,,10.88,23.87,True,False,False,⭐ 弱勢反彈
2024-02-05,33.3,989376,-463.0,0.0,-16.0,-479.0,,10.15,19.3,True,False,False,⭐ 弱勢反彈
2024-02-15,35.9,1957018,544.0,0.0,21.0,565.0,,36.06,24.88,True,True,True,⭐⭐⭐ 黃金買點
2024-02-16,36.1,1083247,421.0,0.0,33.0,454.0,,54.43,34.73,False,False,True,⭐ 弱勢反彈
2024-02-19,36.45,905208,242.0,0.0,16.0,258.0,,67.37,45.61,False,False,True,⭐ 弱勢反彈
2024-02-20,36.15,555234,11.0,0.0,0.0,11.0,,73.29,54.84,False,False,True,⭐ 弱勢反彈
2024-02-21,36.25,834375,388.0,0.0,0.0,388.0,,78.14,62.61,False,False,True,⭐ 弱勢反彈
2024-02-22,36.7,917683,417.0,0.0,0.0,417.0,,85.43,70.21,False,False,True,⭐ 弱勢反彈
2024-02-23,36.9,2735928,137.0,0.0,23.0,160.0,,80.59,73.67,False,False,True,⭐ 弱勢反彈
2024-02-26,38.15,2232577,1028.0,0.0,44.0,1072.0,,84.94,77.43,False,False,True,⭐ 弱勢反彈
2024-02-27,40.7,10047647,-35.0,0.0,-11.0,-46.0,,84.48,79.78,False,False,True,⭐ 弱勢反彈
2024-02-29,40.7,4009659,283.0,0.0,1.0,284.0,,82.93,80.83,False,False,True,⭐ 弱勢反彈
2024-03-01,42.05,3714486,321.0,0.0,0.0,321.0,,83.86,81.84,False,False,True,⭐ 弱勢反彈
2024-03-04,41.2,2719228,-609.0,0.0,24.0,-585.0,,80.29,81.32,False,False,True,⭐ 弱勢反彈
2024-03-05,40.55,1895526,499.0,0.0,-6.0,493.0,,74.42,79.02,False,False,True,⭐ 弱勢反彈
2024-03-06,40.6,914968,48.0,0.0,2.0,50.0,,70.39,76.14,False,False,True,⭐ 弱勢反彈
2024-03-07,39.0,1974335,-128.0,0.0,0.0,-128.0,,58.21,70.16,False,False,True,⭐ 弱勢反彈
2024-03-08,36.95,3161322,624.0,0.0,-38.0,586.0,,38.81,59.71,False,False,True,⭐ 弱勢反彈
2024-03-11,37.15,807393,-140.0,0.0,-17.0,-157.0,,26.94,48.79,False,False,True,⭐ 弱勢反彈
2024-03-12,38.0,607059,-49.0,0.0,-8.0,-57.0,,23.56,40.38,False,False,True,⭐ 弱勢反彈
2024-03-13,37.35,889997,-294.0,0.0,-2.0,-296.0,,17.84,32.86,False,False,True,⭐ 弱勢反彈
2024-03-14,37.3,748595,-82.0,0.0,-19.0,-101.0,,15.87,27.2,True,False,True,⭐⭐ 偏多觀察
2024-03-15,37.3,524806,-217.0,0.0,0.0,-217.0,,16.14,23.51,True,False,True,⭐⭐ 偏多觀察
2024-03-18,40.0,3106771,-179.0,0.0,-1.0,-180.0,,35.85,27.62,True,True,True,⭐⭐⭐ 黃金買點
2024-03-19,40.45,1715184,536.0,0.0,-11.0,525.0,,52.21,35.82,False,False,True,⭐ 弱勢反彈
2024-03-20,40.15,912536,-9.0,0.0,-18.0,-27.0,,60.97,44.21,False,False,True,⭐ 弱勢反彈
2024-03-21,41.25,3345463,-74.0,0.0,-1.0,-75.0,,66.61,51.67,False,False,True,⭐ 弱勢反彈
2024-03-22,40.65,1210414,129.0,0.0,14.0,143.0,,67.08,56.81,False,False,True,⭐ 弱勢反彈
2024-03-25,40.15,846931,84.0,0.0,47.0,131.0,,64.67,59.43,False,False,True,⭐ 弱勢反彈
2024-03-26,39.9,1347318,-283.0,0.0,18.0,-265.0,,61.69,60.18,False,False,True,⭐ 弱勢反彈
2024-03-27,40.15,475622,-44.0,0.0,14.0,-30.0,,59.61,59.99,False,False,True,⭐ 弱勢反彈
2024-03-28,39.75,644454,-56.0,0.0,0.0,-56.0,,48.72,56.23,False,False,True,⭐ 弱勢反彈
2024-03-29,39.8,525067,71.0,0.0,3.0,74.0,,35.21,49.23,False,False,True,⭐ 弱勢反彈
2024-04-01,40.9,819396,187.0,0.0,4.0,191.0,,38.23,45.56,False,False,True,⭐ 弱勢反彈
2024-04-02,41.15,1368070,293.0,0.0,0.0,293.0,,42.97,44.7,False,False,True,⭐ 弱勢反彈
2024-04-03,41.5,721756,234.0,0.0,-91.0,143.0,,57.54,48.98,False,True,True,⭐⭐ 偏多觀察
2024-04-08,42.25,989126,148.0,0.0,-25.0,123.0,,69.94,55.96,False,False,True,⭐ 弱勢反彈
2024-04-09,41.3,2239246,-156.0,0.0,-1.0,-157.0,,67.09,59.67,False,False,True,⭐ 弱勢反彈
2024-04-10,42.55,2854548,737.0,0.0,0.0,737.0,,74.14,64.5,False,False,True,⭐ 弱勢反彈
2024-04-11,41.8,1324060,-509.0,0.0,-1.0,-510.0,,71.49,66.83,False,False,True,⭐ 弱勢反彈
2024-04-12,42.8,1937593,425.0,0.0,0.0,425.0,,77.75,70.47,False,False,True,⭐ 弱勢反彈
2024-04-15,41.8,1319985,-490.0,0.0,24.0,-466.0,,71.1,70.68,False,False,True,⭐ 弱勢反彈
2024-04-16,39.1,2276697,-753.0,0.0,-5.0,-758.0,,51.39,64.25,False,False,True,⭐ 弱勢反彈
2024-04-17,40.1,797763,144.0,0.0,2.0,146.0,,45.49,58.0,False,False,True,⭐ 弱勢反彈
2024-04-18,39.8,1026488,-18.0,0.0,8.0,-10.0,,39.39,51.79,False,False,True,⭐ 弱勢反彈
2024-04-19,35.8,1643595,-777.0,0.0,1.0,-776.0,,28.77,44.12,False,False,False,❌ 空頭或無訊號
2024-04-22,34.35,1046100,-416.0,0.0,-30.0,-446.0,,19.18,35.81,False,False,False,❌ 空頭或無訊號
2024-04-23,34.8,476231,-100.0,0.0,-8.0,-108.0,,14.49,28.7,True,False,False,⭐ 弱勢反彈
2024-04-24,35.9,575109,-49.0,0.0,0.0,-49.0,,15.53,24.31,True,False,False,⭐ 弱勢反彈
2024-04-25,35.4,454033,-114.0,0.0,-3.0,-117.0,,14.38,21.0,True,False,False,⭐ 弱勢反彈
2024-04-26,36.4,742929,67.0,0.0,3.0,70.0,,18.82,20.27,True,False,False,⭐ 弱勢反彈
2024-04-29,36.4,507371,-296.0,0.0,5.0,-291.0,,24.13,21.56,True,True,False,⭐⭐ 偏多觀察
2024-04-30,36.55,467553,-81.0,0.0,3.0,-78.0,,29.06,24.06,False,False,False,❌ 空頭或無訊號
2024-05-02,37.3,644137,79.0,0.0,0.0,79.0,,50.59,32.9,False,False,False,❌ 空頭或無訊號
2024-05-03,37.2,577017,-130.0,0.0,0.0,-130.0,,63.42,43.08,False,False,False,❌ 空頭或無訊號
2024-05-06,40.9,1364190,-12.0,0.0,0.0,-12.0,,75.61,53.92,False,False,True,⭐ 弱勢反彈
2024-05-07,44.95,3816072,151.0,0.0,8.0,159.0,,83.74,63.86,False,False,True,⭐ 弱勢反彈
2024-05-08,45.65,12863216,1418.0,0.0,11.0,1429.0,,86.66,71.46,False,False,True,⭐ 弱勢反彈
2024-05-09,45.85,7897250,156.0,0.0,0.0,156.0,,85.55,76.16,False,False,True,⭐ 弱勢反彈
2024-05-10,45.5,4062016,261.0,0.0,-7.0,254.0,,83.47,78.6,False,False,True,⭐ 弱勢反彈
2024-05-13,43.85,3046473,-181.0,0.0,-5.0,-186.0,,77.29,78.16,False,False,True,⭐ 弱勢反彈
2024-05-14,43.35,1543933,-331.0,0.0,0.0,-331.0,,71.73,76.02,False,False,True,⭐ 弱勢反彈
2024-05-15,43.1,1673530,-203.0,0.0,-7.0,-210.0,,66.41,72.81,False,False,True,⭐ 弱勢反彈
2024-05-16,43.55,1917410,203.0,0.0,-16.0,187.0,,56.89,67.51,False,False,True,⭐ 弱勢反彈
2024-05-17,43.1,1247407,-38.0,0.0,-16.0,-54.0,,38.61,57.87,False,False,True,⭐ 弱勢反彈
2024-05-20,42.15,1278761,117.0,0.0,9.0,126.0,,26.86,47.54,False,False,True,⭐ 弱勢反彈
2024-05-21,43.55,1583052,-98.0,0.0,10.0,-88.0,,26.87,40.65,False,False,True,⭐ 弱勢反彈
2024-05-22,43.4,1093128,31.0,0.0,0.0,31.0,,28.09,36.46,False,False,True,⭐ 弱勢反彈
2024-05-23,42.2,1227970,-398.0,0.0,0.0,-398.0,,20.89,31.27,False,False,True,⭐ 弱勢反彈
2024-05-24,44.75,3764406,60.0,0.0,0.0,60.0,,43.69,35.41,False,True,True,⭐⭐ 偏多觀察
2024-05-27,44.9,2608350,-95.0,0.0,0.0,-95.0,,59.36,43.39,False,False,True,⭐ 弱勢反彈
2024-05-28,45.65,1937467,134.0,0.0,0.0,134.0,,72.2,53.0,False,False,True,⭐ 弱勢反彈
2024-05-29,50.2,9533458,211.0,0.0,0.0,211.0,,81.47,62.49,False,False,True,⭐ 弱勢反彈
2024-05-30,47.35,7276107,-1045.0,0.0,-10.0,-1055.0,,77.32,67.43,False,False,True,⭐ 弱勢反彈
2024-05-31,46.1,2993980,-305.0,0.0,0.0,-305.0,,70.02,68.3,False,False,True,⭐ 弱勢反彈
2024-06-03,48.4,4103426,-437.0,0.0,0.0,-437.0,,73.49,70.03,False,False,True,⭐ 弱勢反彈
2024-06-04,48.15,5414102,-200.0,0.0,0.0,-200.0,,74.9,71.65,False,False,True,⭐ 弱勢反彈
2024-06-05,46.65,2295092,-535.0,0.0,-10.0,-545.0,,70.41,71.24,False,False,True,⭐ 弱勢反彈
2024-06-06,46.75,3614953,23.0,0.0,0.0,23.0,,61.42,67.96,False,False,True,⭐ 弱勢反彈
2024-06-07,46.9,3069035,112.0,0.0,0.0,112.0,,54.64,63.52,False,False,True,⭐ 弱勢反彈
2024-06-11,45.85,1917597,-72.0,0.0,0.0,-72.0,,40.76,55.93,False,False,True,⭐ 弱勢反彈
2024-06-12,46.25,2013927,78.0,0.0,0.0,78.0,,34.04,48.64,False,False,True,⭐ 弱勢反彈
2024-06-13,47.25,1942882,484.0,0.0,11.0,495.0,,36.73,44.67,False,False,True,⭐ 弱勢反彈
2024-06-14,47.3,1746118,-10.0,0.0,0.0,-10.0,,38.87,42.74,False,False,True,⭐ 弱勢反彈
2024-06-17,46.3,1280443,-379.0,0.0,0.0,-379.0,,33.28,39.59,False,False,True,⭐ 弱勢反彈
2024-06-18,46.8,1034860,111.0,0.0,0.0,111.0,,34.95,38.04,False,False,True,⭐ 弱勢反彈
2024-06-19,46.55,2989632,-194.0,0.0,0.0,-194.0,,34.0,36.69,False,False,True,⭐ 弱勢反彈
2024-06-20,47.4,1254900,209.0,0.0,0.0,209.0,,42.57,38.65,False,True,True,⭐⭐ 偏多觀察
2024-06-21,46.8,804843,-359.0,0.0,0.0,-359.0,,42.73,40.01,False,False,True,⭐ 弱勢反彈
2024-06-24,45.45,1235068,-332.0,0.0,0.0,-332.0,,30.34,36.79,False,False,True,⭐ 弱勢反彈
2024-06-25,45.3,1147478,84.0,0.0,0.0,84.0,,29.41,34.33,False,False,True,⭐ 弱勢反彈
2024-06-26,45.1,746565,-154.0,0.0,0.0,-154.0,,27.43,32.03,False,False,True,⭐ 弱勢反彈
2024-06-27,44.45,967229,-211.0,0.0,0.0,-211.0,,21.69,28.58,False,False,True,⭐ 弱勢反彈
2024-06-28,44.6,624924,-21.0,0.0,0.0,-21.0,,18.88,25.35,False,False,True,⭐ 弱勢反彈
2024-07-01,44.25,435269,-42.0,0.0,0.0,-42.0,,14.63,21.78,True,False,True,⭐⭐ 偏多觀察
2024-07-02,43.95,522693,-83.0,0.0,0.0,-83.0,,10.17,17.91,True,False,True,⭐⭐ 偏多觀察
2024-07-03,44.85,756236,143.0,0.0,0.0,143.0,,15.34,17.05,True,False,True,⭐⭐ 偏多觀察
2024-07-04,44.7,623546,-216.0,0.0,0.0,-216.0,,18.56,17.55,True,True,True,⭐⭐⭐ 黃金買點
2024-07-05,45.3,767734,167.0,0.0,0.0,167.0,,33.58,22.9,True,False,True,⭐⭐ 偏多觀察
2024-07-08,45.15,671606,-149.0,0.0,0.0,-149.0,,41.33,29.04,False,False,True,⭐ 弱勢反彈
2024-07-09,41.4,2548169,-563.0,0.0,-13.0,-576.0,,31.47,29.85,False,False,False,❌ 空頭或無訊號
2024-07-10,41.7,454262,-21.0,0.0,-6.0,-27.0,,26.87,28.86,False,False,False,❌ 空頭或無訊號
2024-07-11,41.9,493753,-102.0,0.0,0.0,-102.0,,25.1,27.6,False,False,False,❌ 空頭或無訊號
2024-07-12,41.45,477518,37.0,0.0,0.0,37.0,,20.98,25.4,False,False,False,❌ 空頭或無訊號
2024-07-15,41.1,367517,-30.0,0.0,0.0,-30.0,,15.95,22.25,False,False,False,❌ 空頭或無訊號
2024-07-16,41.4,307368,-34.0,0.0,3.0,-31.0,,14.55,19.68,True,False,False,⭐ 弱勢反彈
2024-07-17,42.05,711686,46.0,0.0,0.0,46.0,,17.87,19.08,True,False,False,⭐ 弱勢反彈
2024-07-18,41.6,431459,-214.0,0.0,0.0,-214.0,,17.14,18.43,True,False,False,⭐ 弱勢反彈
2024-07-19,40.1,691045,-190.0,0.0,0.0,-190.0,,11.43,16.1,True,False,False,⭐ 弱勢反彈
2024-07-22,39.0,743271,102.0,0.0,0.0,102.0,,10.87,14.36,True,False,False,⭐ 弱勢反彈
2024-07-23,39.5,238481,47.0,0.0,0.0,47.0,,14.56,14.43,True,True,False,⭐⭐ 偏多觀察
2024-07-26,38.6,338050,-17.0,0.0,-10.0,-27.0,,13.97,14.27,True,False,False,⭐ 弱勢反彈
2024-07-29,37.8,502092,-122.0,0.0,0.0,-122.0,,9.31,12.62,True,False,False,⭐ 弱勢反彈
2024-07-30,38.8,790124,216.0,0.0,0.0,216.0,,14.05,13.1,True,True,False,⭐⭐ 偏多觀察
2024-07-31,39.3,494738,14.0,0.0,0.0,14.0,,20.48,15.56,True,False,False,⭐ 弱勢反彈
2024-08-01,40.0,252122,47.0,0.0,18.0,65.0,,31.63,20.91,False,False,False,❌ 空頭或無訊號
2024-08-02,39.0,449984,-54.0,0.0,5.0,-49.0,,32.75,24.86,False,False,False,❌ 空頭或無訊號
2024-08-05,35.1,1068423,-37.0,0.0,8.0,-29.0,,21.84,23.85,False,False,False,❌ 空頭或無訊號
2024-08-06,34.9,985194,178.0,0.0,5.0,183.0,,25.95,24.55,False,True,False,⭐ 弱勢反彈
2024-08-07,36.7,523146,118.0,0.0,1.0,119.0,,36.29,28.46,False,False,False,❌ 空頭或無訊號
2024-08-08,36.0,280958,37.0,0.0,0.0,37.0,,40.22,32.38,False,False,False,❌ 空頭或無訊號
2024-08-09,36.8,421310,57.0,0.0,0.0,57.0,,46.23,37.0,False,False,False,❌ 空頭或無訊號
2024-08-12,34.1,1858948,-45.0,0.0,0.0,-45.0,,38.83,37.61,False,False,False,❌ 空頭或無訊號
2024-08-13,34.4,557064,211.0,0.0,-75.0,136.0,,35.17,36.8,False,False,False,❌ 空頭或無訊號
2024-08-14,34.15,557375,57.0,0.0,-36.0,21.0,,32.29,35.3,False,False,False,❌ 空頭或無訊號
2024-08-15,34.5,417678,158.0,0.0,-38.0,120.0,,33.89,34.83,False,False,False,❌ 空頭或無訊號
2024-08-16,34.6,354506,-4.0,0.0,28.0,24.0,,37.98,35.88,False,True,False,⭐ 弱勢反彈
2024-08-19,34.65,314606,60.0,0.0,0.0,60.0,,34.21,35.32,False,False,False,❌ 空頭或無訊號
2024-08-20,34.4,416122,9.0,0.0,0.0,9.0,,29.47,33.37,False,False,False,❌ 空頭或無訊號
2024-08-21,34.25,277788,28.0,0.0,0.0,28.0,,24.98,30.58,False,False,False,❌ 空頭或無訊號
2024-08-22,34.15,252025,30.0,0.0,0.0,30.0,,29.0,30.05,False,False,False,❌ 空頭或無訊號
2024-08-23,33.9,267040,-84.0,0.0,0.0,-84.0,,25.51,28.54,False,False,False,❌ 空頭或無訊號
2024-08-26,35.0,1259786,11.0,0.0,0.0,11.0,,37.46,31.51,False,True,False,⭐ 弱勢反彈
2024-08-27,34.85,431676,-193.0,0.0,0.0,-193.0,,43.15,35.39,False,False,False,❌ 空頭或無訊號
2024-08-28,34.65,253273,-42.0,0.0,0.0,-42.0,,43.92,38.23,False,False,False,❌ 空頭或無訊號
2024-08-29,34.5,179970,-46.0,0.0,0.0,-46.0,,42.16,39.54,False,False,False,❌ 空頭或無訊號
2024-08-30,34.6,215950,-28.0,0.0,0.0,-28.0,,42.5,40.53,False,False,False,❌ 空頭或無訊號
2024-09-02,34.1,263968,-109.0,0.0,0.0,-109.0,,35.15,38.74,False,False,False,❌ 空頭或無訊號
2024-09-03,33.8,226810,-98.0,0.0,0.0,-98.0,,25.71,34.39,False,False,False,❌ 空頭或無訊號
2024-09-04,32.1,389876,-71.0,0.0,0.0,-71.0,,23.3,30.69,False,False,False,❌ 空頭或無訊號
2024-09-05,31.65,346776,-50.0,0.0,0.0,-50.0,,18.43,26.61,False,False,False,❌ 空頭或無訊號
2024-09-06,32.2,199624,41.0,0.0,-28.0,13.0,,20.11,24.44,True,False,False,⭐ 弱勢反彈
2024-09-09,32.3,160299,58.0,0.0,0.0,58.0,,22.61,23.83,False,False,False,❌ 空頭或無訊號
2024-09-10,31.4,352784,-126.0,0.0,0.0,-126.0,,16.39,21.35,False,False,False,❌ 空頭或無訊號
2024-09-11,31.0,240395,55.0,0.0,0.0,55.0,,10.93,17.88,True,False,False,⭐ 弱勢反彈
2024-09-12,31.75,170162,59.0,0.0,0.0,59.0,,13.95,16.57,True,False,False,⭐ 弱勢反彈
2024-09-13,32.3,175443,61.0,0.0,0.0,61.0,,22.43,18.52,True,True,False,⭐⭐ 偏多觀察
2024-09-16,32.55,145294,13.0,0.0,0.0,13.0,,40.79,25.95,False,False,False,❌ 空頭或無訊號
2024-09-18,31.9,213148,-23.0,0.0,0.0,-23.0,,42.98,31.62,False,False,False,❌ 空頭或無訊號
2024-09-19,32.3,237241,111.0,0.0,0.0,111.0,,51.46,38.24,False,False,False,❌ 空頭或無訊號
2024-09-20,32.05,184119,-30.0,0.0,0.0,-30.0,,52.26,42.91,False,False,False,❌ 空頭或無訊號
2024-09-23,32.4,153790,29.0,0.0,0.0,29.0,,58.77,48.2,False,False,False,❌ 空頭或無訊號
2024-09-24,32.35,133062,12.0,0.0,0.0,12.0,,62.26,52.88,False,False,False,❌ 空頭或無訊號
2024-09-25,32.95,427477,146.0,0.0,0.0,146.0,,72.88,59.55,False,False,False,❌ 空頭或無訊號
2024-09-26,33.85,1006185,-274.0,0.0,0.0,-274.0,,71.34,63.48,False,False,False,❌ 空頭或無訊號
2024-09-27,33.35,689681,-203.0,0.0,0.0,-203.0,,65.02,63.99,False,False,False,❌ 空頭或無訊號
2024-09-30,33.2,222303,48.0,0.0,0.0,48.0,,59.22,62.4,False,False,False,❌ 空頭或無訊號
2024-10-01,33.1,125916,-47.0,0.0,0.0,-47.0,,54.29,59.7,False,False,False,❌ 空頭或無訊號
2024-10-04,32.7,153335,40.0,0.0,0.0,40.0,,44.38,54.59,False,False,False,❌ 空頭或無訊號
2024-10-07,32.7,159615,-26.0,0.0,0.0,-26.0,,37.78,48.99,False,False,False,❌ 空頭或無訊號
2024-10-08,31.6,544601,-111.0,0.0,0.0,-111.0,,25.18,41.05,False,False,False,❌ 空頭或無訊號
2024-10-09,31.2,260421,-19.0,0.0,0.0,-19.0,,16.79,32.96,False,False,False,❌ 空頭或無訊號
2024-10-11,30.7,262333,-99.0,0.0,0.0,-99.0,,11.98,25.97,True,False,False,⭐ 弱勢反彈
2024-10-14,31.05,148681,72.0,0.0,0.0,72.0,,12.21,21.38,True,False,False,⭐ 弱勢反彈
2024-10-15,31.2,143798,19.0,0.0,0.0,19.0,,15.28,19.35,True,False,False,⭐ 弱勢反彈
2024-10-16,31.05,144783,32.0,0.0,0.0,32.0,,15.64,18.11,True,False,False,⭐ 弱勢反彈
2024-10-17,31.6,143896,-7.0,0.0,0.0,-7.0,,23.5,19.91,True,True,False,⭐⭐ 偏多觀察
2024-10-18,31.25,132032,-68.0,0.0,0.0,-68.0,,24.89,21.57,False,False,False,❌ 空頭或無訊號
2024-10-21,32.2,216540,89.0,0.0,0.0,89.0,,44.66,29.27,False,False,False,❌ 空頭或無訊號
2024-10-22,32.05,78005,-4.0,0.0,0.0,-4.0,,57.39,38.64,False,False,False,❌ 空頭或無訊號
2024-10-23,32.25,225362,-20.0,0.0,0.0,-20.0,,65.76,47.68,False,False,False,❌ 空頭或無訊號
2024-10-24,31.95,94376,-27.0,0.0,0.0,-27.0,,66.34,53.9,False,False,False,❌ 空頭或無訊號
2024-10-25,31.9,97154,5.0,0.0,0.0,5.0,,64.6,57.47,False,False,False,❌ 空頭或無訊號
2024-10-28,31.35,147195,-23.0,0.0,0.0,-23.0,,53.25,56.06,False,False,False,❌ 空頭或無訊號
2024-10-29,31.1,134375,-19.0,0.0,0.0,-19.0,,39.42,50.52,False,False,False,❌ 空頭或無訊號
2024-10-30,31.45,84170,0.0,0.0,0.0,0.0,,37.07,46.03,False,False,False,❌ 空頭或無訊號
2024-11-01,31.5,96158,37.0,0.0,0.0,37.0,,37.67,43.25,False,False,False,❌ 空頭或無訊號
2024-11-04,30.8,147073,-68.0,0.0,0.0,-68.0,,25.12,37.2,False,False,False,❌ 空頭或無訊號
2024-11-05,30.85,189400,31.0,0.0,0.0,31.0,,19.38,31.26,False,False,False,❌ 空頭或無訊號
2024-11-06,30.9,162090,78.0,0.0,0.0,78.0,,16.84,26.45,True,False,False,⭐ 弱勢反彈
2024-11-07,31.65,148372,69.0,0.0,0.0,69.0,,35.58,29.5,True,True,False,⭐⭐ 偏多觀察
2024-11-08,31.35,161866,-93.0,0.0,0.0,-93.0,,42.56,33.85,False,False,False,❌ 空頭或無訊號
2024-11-11,32.45,372020,135.0,0.0,0.0,135.0,,60.78,42.83,False,False,False,❌ 空頭或無訊號
2024-11-12,32.0,181942,-89.0,0.0,0.0,-89.0,,64.6,50.08,False,False,False,❌ 空頭或無訊號
2024-11-13,32.1,78746,1.0,0.0,0.0,1.0,,68.99,56.39,False,False,False,❌ 空頭或無訊號
2024-11-14,31.5,162719,-46.0,0.0,0.0,-46.0,,60.81,57.86,False,False,False,❌ 空頭或無訊號
2024-11-15,31.55,110511,6.0,0.0,0.0,6.0,,56.28,57.33,False,False,False,❌ 空頭或無訊號
2024-11-18,31.1,92096,-18.0,0.0,0.0,-18.0,,43.4,52.69,False,False,False,❌ 空頭或無訊號
2024-11-19,31.4,142658,81.0,0.0,0.0,81.0,,39.35,48.24,False,False,False,❌ 空頭或無訊號
2024-11-20,31.8,108983,37.0,0.0,0.0,37.0,,44.01,46.83,False,False,False,❌ 空頭或無訊號
2024-11-21,31.95,75248,14.0,0.0,0.0,14.0,,50.45,48.04,False,True,False,⭐ 弱勢反彈
2024-11-22,33.85,1205087,144.0,0.0,0.0,144.0,,57.99,51.36,False,False,False,❌ 空頭或無訊號
2024-11-25,33.6,277099,-123.0,0.0,0.0,-123.0,,60.88,54.53,False,False,False,❌ 空頭或無訊號
2024-11-26,34.4,500286,61.0,0.0,0.0,61.0,,69.65,59.57,False,False,False,❌ 空頭或無訊號
2024-11-27,33.95,535899,-126.0,0.0,0.0,-126.0,,71.65,63.6,False,False,False,❌ 空頭或無訊號
2024-11-28,33.1,343792,75.0,0.0,0.0,75.0,,65.71,64.3,False,False,False,❌ 空頭或無訊號
2024-11-29,33.45,136348,-15.0,0.0,0.0,-15.0,,64.75,64.45,False,False,False,❌ 空頭或無訊號
2024-12-02,32.95,208061,-30.0,0.0,0.0,-30.0,,57.38,62.09,False,False,False,❌ 空頭或無訊號
2024-12-03,32.9,137302,-9.0,0.0,0.0,-9.0,,50.08,58.09,False,False,False,❌ 空頭或無訊號
2024-12-04,33.5,200482,68.0,0.0,0.0,68.0,,50.35,55.51,False,False,True,⭐ 弱勢反彈
2024-12-05,33.3,131627,-13.0,0.0,0.0,-13.0,,42.51,51.18,False,False,True,⭐ 弱勢反彈
2024-12-06,33.4,139132,10.0,0.0,0.0,10.0,,38.91,47.09,False,False,True,⭐ 弱勢反彈
2024-12-09,33.4,116447,2.0,0.0,0.0,2.0,,36.51,43.56,False,False,True,⭐ 弱勢反彈
2024-12-10,32.45,290509,-78.0,0.0,0.0,-78.0,,24.34,37.15,False,False,True,⭐ 弱勢反彈
2024-12-11,32.2,103975,-3.0,0.0,0.0,-3.0,,16.23,30.18,False,False,False,❌ 空頭或無訊號
2024-12-12,31.6,217962,-2.0,0.0,0.0,-2.0,,10.82,23.72,True,False,False,⭐ 弱勢反彈
2024-12-13,30.8,247790,-44.0,0.0,0.0,-44.0,,7.21,18.22,True,False,False,⭐ 弱勢反彈
2024-12-16,29.95,293732,-46.0,0.0,0.0,-46.0,,4.81,13.75,True,False,False,⭐ 弱勢反彈
2024-12-17,30.25,100109,-15.0,0.0,0.0,-15.0,,6.16,11.22,True,False,False,⭐ 弱勢反彈
2024-12-18,31.0,316611,-25.0,0.0,0.0,-25.0,,13.39,11.94,True,True,False,⭐⭐ 偏多觀察
2024-12-19,30.5,93506,-16.0,0.0,0.0,-16.0,,13.99,12.62,True,False,False,⭐ 弱勢反彈
2024-12-20,30.3,125129,-55.0,0.0,0.0,-55.0,,12.93,12.73,True,False,False,⭐ 弱勢反彈
2024-12-23,30.6,90294,24.0,0.0,0.0,24.0,,17.1,14.19,True,False,False,⭐ 弱勢反彈
2024-12-24,30.8,80057,2.0,0.0,0.0,2.0,,22.31,16.89,True,False,False,⭐ 弱勢反彈
2024-12-25,31.9,198820,12.0,0.0,0.0,12.0,,48.21,27.33,False,False,False,❌ 空頭或無訊號
2024-12-26,31.4,84610,3.0,0.0,0.0,3.0,,57.14,37.27,False,False,False,❌ 空頭或無訊號
2024-12-27,31.1,50440,-12.0,0.0,0.0,-12.0,,58.09,44.21,False,False,False,❌ 空頭或無訊號
2024-12-30,30.85,48069,-3.0,0.0,0.0,-3.0,,53.64,47.35,False,False,False,❌ 空頭或無訊號
2024-12-31,31.4,125254,-2.0,0.0,0.0,-2.0,,58.68,51.13,False,False,False,❌ 空頭或無訊號
2025-01-02,30.75,72494,-21.0,0.0,0.0,-21.0,,48.49,50.25,False,False,False,❌ 空頭或無訊號
2025-01-03,30.45,81174,-33.0,0.0,0.0,-33.0,,33.44,44.65,False,False,False,❌ 空頭或無訊號
2025-01-06,30.5,103364,17.0,0.0,0.0,17.0,,23.44,37.58,False,False,False,❌ 空頭或無訊號
2025-01-07,30.9,142296,16.0,0.0,0.0,16.0,,25.97,33.71,False,False,False,❌ 空頭或無訊號
2025-01-08,31.0,44996,10.0,0.0,0.0,10.0,,29.96,32.46,False,False,False,❌ 空頭或無訊號
2025-01-09,30.4,129261,13.0,0.0,0.0,13.0,,24.14,29.69,False,False,False,❌ 空頭或無訊號
2025-01-10,30.2,46242,-7.0,0.0,0.0,-7.0,,18.56,25.98,False,False,False,❌ 空頭或無訊號
2025-01-13,30.15,205418,-56.0,0.0,0.0,-56.0,,21.63,24.53,True,False,False,⭐ 弱勢反彈
2025-01-14,30.45,45038,18.0,0.0,0.0,18.0,,29.24,26.1,False,True,False,⭐ 弱勢反彈
2025-01-15,30.6,72035,19.0,0.0,0.0,19.0,,37.08,29.76,False,False,False,❌ 空頭或無訊號
2025-01-16,31.1,114619,37.0,0.0,0.0,37.0,,51.57,37.03,False,False,False,❌ 空頭或無訊號
2025-01-17,31.35,63523,7.0,0.0,0.0,7.0,,65.86,46.64,False,False,False,❌ 空頭或無訊號
2025-01-20,31.6,85756,-11.0,0.0,0.0,-11.0,,77.24,56.84,False,False,False,❌ 空頭或無訊號
2025-01-21,31.55,54270,-13.0,0.0,0.0,-13.0,,83.97,65.89,False,False,False,❌ 空頭或無訊號
2025-01-22,31.45,65029,-2.0,0.0,0.0,-2.0,,85.98,72.59,False,False,False,❌ 空頭或無訊號
2025-02-03,31.35,44084,15.0,0.0,0.0,15.0,,85.66,76.94,False,False,False,❌ 空頭或無訊號
2025-02-04,31.55,90620,36.0,0.0,0.0,36.0,,87.31,80.4,False,False,False,❌ 空頭或無訊號
2025-02-05,31.75,76342,29.0,0.0,0.0,29.0,,88.42,83.07,False,False,True,⭐ 弱勢反彈
2025-02-06,32.5,298175,125.0,0.0,0.0,125.0,,88.0,84.72,False,False,True,⭐ 弱勢反彈
2025-02-07,33.0,244836,48.0,0.0,0.0,48.0,,92.0,87.14,False,False,True,⭐ 弱勢反彈
2025-02-10,32.85,96060,30.0,0.0,0.0,30.0,,92.17,88.82,False,False,True,⭐ 弱勢反彈
2025-02-11,33.0,106300,30.0,0.0,0.0,30.0,,94.78,90.81,False,False,True,⭐ 弱勢反彈
2025-02-12,33.15,132928,47.0,0.0,0.0,47.0,,94.25,91.95,False,False,True,⭐ 弱勢反彈
2025-02-13,33.8,1188378,3.0,0.0,0.0,3.0,,89.7,91.2,False,False,True,⭐ 弱勢反彈
2025-02-14,33.35,739014,-95.0,0.0,0.0,-95.0,,82.02,88.14,False,False,True,⭐ 弱勢反彈
2025-02-17,33.0,317425,22.0,0.0,0.0,22.0,,71.35,82.54,False,False,True,⭐ 弱勢反彈
2025-02-18,33.4,181748,56.0,0.0,0.0,56.0,,67.93,77.67,False,False,True,⭐ 弱勢反彈
2025-02-19,34.65,1242988,53.0,0.0,0.0,53.0,,74.99,76.78,False,False,True,⭐ 弱勢反彈
2025-02-20,34.4,381843,-100.0,0.0,0.0,-100.0,,75.52,76.36,False,False,True,⭐ 弱勢反彈
2025-02-21,34.35,239584,52.0,0.0,0.0,52.0,,74.79,75.84,False,False,True,⭐ 弱勢反彈
2025-02-24,34.2,84748,6.0,0.0,0.0,6.0,,71.57,74.41,False,False,True,⭐ 弱勢反彈
2025-02-25,34.05,170199,-8.0,0.0,0.0,-8.0,,65.66,71.5,False,False,True,⭐ 弱勢反彈
2025-02-26,33.65,183589,30.0,0.0,0.0,30.0,,54.88,65.96,False,False,False,❌ 空頭或無訊號
2025-02-27,33.35,148446,12.0,0.0,0.0,12.0,,42.57,58.16,False,False,False,❌ 空頭或無訊號
2025-03-03,33.45,83460,-2.0,0.0,0.0,-2.0,,34.69,50.34,False,False,False,❌ 空頭或無訊號
2025-03-04,33.8,121457,5.0,0.0,0.0,5.0,,40.15,46.94,False,False,False,❌ 空頭或無訊號
2025-03-05,33.9,63398,15.0,0.0,0.0,15.0,,46.02,46.64,False,False,True,⭐ 弱勢反彈
2025-03-06,33.9,78310,5.0,0.0,0.0,5.0,,52.35,48.54,False,True,True,⭐⭐ 偏多觀察
2025-03-07,33.85,188331,41.0,0.0,0.0,41.0,,59.41,52.16,False,False,True,⭐ 弱勢反彈
2025-03-10,34.3,440040,-7.0,0.0,0.0,-7.0,,64.79,56.37,False,False,True,⭐ 弱勢反彈
2025-03-11,33.8,287374,0.0,0.0,0.0,0.0,,60.97,57.91,False,False,True,⭐ 弱勢反彈
2025-03-12,35.05,753992,92.0,0.0,0.0,92.0,,70.34,62.05,False,False,True,⭐ 弱勢反彈
2025-03-13,35.15,1318673,-73.0,0.0,0.0,-73.0,,70.51,64.87,False,False,True,⭐ 弱勢反彈
2025-03-14,35.65,702234,42.0,0.0,0.0,42.0,,75.25,68.33,False,False,True,⭐ 弱勢反彈
2025-03-17,32.35,2305926,-237.0,0.0,0.0,-237.0,,51.81,62.82,False,False,False,❌ 空頭或無訊號
2025-03-18,34.15,1895773,285.0,0.0,0.0,285.0,,51.0,58.88,False,False,True,⭐ 弱勢反彈
2025-03-19,34.05,3045432,-384.0,0.0,0.0,-384.0,,49.64,55.8,False,False,True,⭐ 弱勢反彈
2025-03-20,33.55,691245,-3.0,0.0,0.0,-3.0,,44.61,52.07,False,False,True,⭐ 弱勢反彈
2025-03-21,32.7,473464,-61.0,0.0,0.0,-61.0,,34.27,46.14,False,False,True,⭐ 弱勢反彈
2025-03-24,32.3,339180,-63.0,0.0,0.0,-63.0,,24.47,38.92,False,False,False,❌ 空頭或無訊號
2025-03-25,31.45,416466,7.0,0.0,0.0,7.0,,17.34,31.72,False,False,False,❌ 空頭或無訊號
2025-03-26,31.6,238565,-33.0,0.0,0.0,-33.0,,14.42,25.96,True,False,False,⭐ 弱勢反彈
2025-03-27,31.0,189735,-25.0,0.0,0.0,-25.0,,9.62,20.51,True,False,False,⭐ 弱勢反彈
2025-03-28,30.15,440276,-100.0,0.0,0.0,-100.0,,8.35,16.46,True,False,False,⭐ 弱勢反彈
2025-03-31,27.85,491229,-20.0,0.0,0.0,-20.0,,6.03,12.98,True,False,False,⭐ 弱勢反彈
2025-04-01,28.5,178795,-32.0,0.0,0.0,-32.0,,7.84,11.27,True,False,False,⭐ 弱勢反彈
2025-04-02,28.45,219247,-28.0,0.0,0.0,-28.0,,9.05,10.53,True,False,False,⭐ 弱勢反彈
2025-04-07,25.65,52776,-1.0,0.0,0.0,-1.0,,6.03,9.03,True,False,False,⭐ 弱勢反彈
2025-04-08,23.1,485343,2.0,0.0,0.0,2.0,,4.02,7.36,True,False,False,⭐ 弱勢反彈
2025-04-09,20.8,719530,81.0,0.0,0.0,81.0,,2.68,5.8,True,False,False,⭐ 弱勢反彈
2025-04-10,22.85,246514,49.0,0.0,0.0,49.0,,8.06,6.55,True,True,False,⭐⭐ 偏多觀察
2025-04-11,23.8,400039,-1.0,0.0,0.0,-1.0,,15.37,9.49,True,False,False,⭐ 弱勢反彈
2025-04-14,24.15,433612,-67.0,0.0,0.0,-67.0,,23.16,14.05,True,False,False,⭐ 弱勢反彈
2025-04-15,24.9,204848,56.0,0.0,0.0,56.0,,32.74,20.28,False,False,False,❌ 空頭或無訊號
2025-04-16,24.55,337609,10.0,0.0,0.0,10.0,,37.65,26.07,False,False,False,❌ 空頭或無訊號
2025-04-17,23.35,234440,-51.0,0.0,0.0,-51.0,,42.27,31.47,False,False,False,❌ 空頭或無訊號
2025-04-18,25.65,1128734,66.0,0.0,0.0,66.0,,60.84,41.26,False,False,False,❌ 空頭或無訊號
2025-04-21,27.15,4894831,-245.0,0.0,0.0,-245.0,,69.16,50.56,False,False,False,❌ 空頭或無訊號
2025-04-22,25.4,2417959,37.0,0.0,0.0,37.0,,64.39,55.17,False,False,False,❌ 空頭或無訊號
2025-04-23,26.65,1885861,-141.0,0.0,0.0,-141.0,,67.93,59.42,False,False,False,❌ 空頭或無訊號
2025-04-24,25.2,1104369,18.0,0.0,0.0,18.0,,59.39,59.41,False,False,False,❌ 空頭或無訊號
2025-04-25,25.25,573567,50.0,0.0,0.0,50.0,,54.01,57.61,False,False,False,❌ 空頭或無訊號
2025-04-28,25.35,225165,33.0,0.0,0.0,33.0,,51.07,55.43,False,False,False,❌ 空頭或無訊號
2025-04-29,25.8,251705,49.0,0.0,0.0,49.0,,52.0,54.29,False,False,False,❌ 空頭或無訊號
2025-04-30,25.15,304150,-113.0,0.0,0.0,-113.0,,46.13,51.57,False,False,False,❌ 空頭或無訊號
2025-05-02,25.4,151844,3.0,0.0,0.0,3.0,,37.04,46.73,False,False,False,❌ 空頭或無訊號
2025-05-05,23.7,444208,-76.0,0.0,0.0,-76.0,,27.83,40.43,False,False,False,❌ 空頭或無訊號
2025-05-06,24.05,163198,61.0,0.0,0.0,61.0,,25.5,35.45,False,False,False,❌ 空頭或無訊號
2025-05-07,23.7,146198,-55.0,0.0,0.0,-55.0,,21.04,30.65,False,False,False,❌ 空頭或無訊號
2025-05-08,24.75,410967,150.0,0.0,0.0,150.0,,31.93,31.07,False,True,False,⭐ 弱勢反彈
2025-05-09,24.2,144393,-9.0,0.0,0.0,-9.0,,32.4,31.51,False,False,False,❌ 空頭或無訊號
2025-05-12,24.55,111127,40.0,0.0,0.0,40.0,,37.03,33.35,False,False,False,❌ 空頭或無訊號
2025-05-13,27.0,2791246,227.0,0.0,2.0,229.0,,58.02,41.57,False,False,False,❌ 空頭或無訊號
2025-05-14,28.25,6032166,-328.0,0.0,-2.0,-330.0,,68.68,50.61,False,False,False,❌ 空頭或無訊號
2025-05-15,27.0,1326648,13.0,0.0,0.0,13.0,,68.21,56.48,False,False,False,❌ 空頭或無訊號
2025-05-16,26.65,509697,-102.0,0.0,0.0,-102.0,,64.75,59.24,False,False,False,❌ 空頭或無訊號
2025-05-19,26.2,318706,-39.0,0.0,38.0,-1.0,,59.51,59.33,False,False,False,❌ 空頭或無訊號
2025-05-20,26.2,274162,-32.0,0.0,0.0,-32.0,,54.57,57.74,False,False,False,❌ 空頭或無訊號
2025-05-21,26.45,227024,49.0,0.0,0.0,49.0,,53.04,56.18,False,False,False,❌ 空頭或無訊號
2025-05-22,25.9,287376,-3.0,0.0,0.0,-3.0,,47.21,53.19,False,False,False,❌ 空頭或無訊號
2025-05-23,26.3,251515,65.0,0.0,0.0,65.0,,42.88,49.75,False,False,False,❌ 空頭或無訊號
2025-05-26,25.7,192074,-76.0,0.0,0.0,-76.0,,28.59,42.7,False,False,False,❌ 空頭或無訊號
2025-05-27,25.1,244477,2.0,0.0,0.0,2.0,,19.06,34.82,False,False,False,❌ 空頭或無訊號
2025-05-28,25.05,851880,-180.0,0.0,0.0,-180.0,,14.12,27.92,True,False,False,⭐ 弱勢反彈
2025-05-29,25.55,505199,152.0,0.0,1.0,153.0,,19.17,25.0,True,False,False,⭐ 弱勢反彈
2025-06-02,24.85,252812,-43.0,0.0,1.0,-42.0,,14.96,21.65,True,False,False,⭐ 弱勢反彈
2025-06-03,24.7,117454,16.0,0.0,1.0,17.0,,9.97,17.76,True,False,False,⭐ 弱勢反彈
2025-06-04,26.75,1035911,348.0,0.0,-2.0,346.0,,38.43,24.65,True,True,False,⭐⭐ 偏多觀察
2025-06-05,26.7,2169007,64.0,0.0,-2.0,62.0,,45.82,31.71,False,False,False,❌ 空頭或無訊號
2025-06-06,27.65,1096714,58.0,0.0,0.0,58.0,,60.35,41.25,False,False,False,❌ 空頭或無訊號
2025-06-09,27.3,1390333,-223.0,0.0,0.0,-223.0,,66.49,49.67,False,False,False,❌ 空頭或無訊號
2025-06-10,26.45,857918,147.0,0.0,1.0,148.0,,62.01,53.78,False,False,False,❌ 空頭或無訊號
2025-06-11,26.3,502130,53.0,0.0,0.0,53.0,,57.5,55.02,False,False,False,❌ 空頭或無訊號
2025-06-12,26.3,238002,-39.0,0.0,1.0,-38.0,,54.49,54.84,False,False,False,❌ 空頭或無訊號
2025-06-13,25.55,210388,-82.0,0.0,0.0,-82.0,,44.92,51.53,False,False,False,❌ 空頭或無訊號
2025-06-16,25.5,325162,-54.0,0.0,2.0,-52.0,,36.4,46.49,False,False,False,❌ 空頭或無訊號
2025-06-17,25.45,199807,14.0,0.0,0.0,14.0,,24.9,39.29,False,False,False,❌ 空頭或無訊號
2025-06-18,27.95,2874056,420.0,0.0,-1.0,419.0,,49.3,42.63,False,True,False,⭐ 弱勢反彈
2025-06-19,26.5,3230910,-525.0,0.0,-2.0,-527.0,,44.32,43.19,False,False,False,❌ 空頭或無訊號
2025-06-20,26.1,536184,63.0,0.0,2.0,65.0,,36.84,41.07,False,False,False,❌ 空頭或無訊號
2025-06-23,26.05,401111,-33.0,0.0,1.0,-32.0,,31.74,37.96,False,False,False,❌ 空頭或無訊號
2025-06-24,26.3,746736,17.0,0.0,-1.0,16.0,,30.9,35.61,False,False,False,❌ 空頭或無訊號
2025-06-25,26.1,360353,-34.0,0.0,1.0,-33.0,,28.29,33.17,False,False,False,❌ 空頭或無訊號
2025-06-26,26.1,336820,-44.0,0.0,0.0,-44.0,,26.56,30.97,False,False,False,❌ 空頭或無訊號
2025-06-27,26.1,194982,-4.0,0.0,-1.0,-5.0,,25.4,29.11,False,False,False,❌ 空頭或無訊號
2025-06-30,25.6,200681,-41.0,0.0,1.0,-40.0,,19.49,25.9,False,False,False,❌ 空頭或無訊號
2025-07-01,25.6,130258,-14.0,0.0,0.0,-14.0,,15.56,22.46,True,False,False,⭐ 弱勢反彈
2025-07-02,26.05,306742,88.0,0.0,0.0,88.0,,24.1,23.0,True,True,True,⭐⭐⭐ 黃金買點
2025-07-03,26.15,206635,55.0,0.0,0.0,55.0,,31.75,25.92,False,False,True,⭐ 弱勢反彈
2025-07-04,25.35,302361,-120.0,0.0,2.0,-118.0,,22.12,24.65,False,False,False,❌ 空頭或無訊號
2025-07-07,24.85,193787,-46.0,0.0,1.0,-45.0,,14.75,21.35,False,False,False,❌ 空頭或無訊號
2025-07-08,24.95,130627,-24.0,0.0,0.0,-24.0,,13.9,18.87,True,False,False,⭐ 弱勢反彈
2025-07-09,25.1,60694,5.0,0.0,0.0,5.0,,16.67,18.13,True,False,False,⭐ 弱勢反彈
2025-07-10,24.25,403632,-132.0,0.0,2.0,-130.0,0.02,13.2,16.49,True,False,False,⭐ 弱勢反彈
2025-07-11,24.25,93537,35.0,0.0,0.0,35.0,0.01,12.13,15.04,True,False,False,⭐ 弱勢反彈
2025-07-14,24.0,54779,-12.0,0.0,-1.0,-13.0,-0.01,8.09,12.72,True,False,False,⭐ 弱勢反彈
2025-07-15,23.9,200373,-46.0,0.0,-41.0,-87.0,0.01,6.67,10.7,True,False,False,⭐ 弱勢反彈
2025-07-16,24.15,174742,41.0,0.0,1.0,42.0,0.02,8.94,10.12,True,False,False,⭐ 弱勢反彈
2025-07-17,24.65,170676,48.0,0.0,0.0,48.0,0.01,24.24,14.82,True,True,False,⭐⭐ 偏多觀察
2025-07-18,24.4,113877,-63.0,0.0,0.0,-63.0,0.01,29.06,19.57,False,False,False,❌ 空頭或無訊號
2025-07-21,24.15,50825,7.0,0.0,0.0,7.0,-0.01,27.71,22.28,False,False,False,❌ 空頭或無訊號
2025-07-22,23.7,206950,-73.0,0.0,0.0,-73.0,-0.02,21.7,22.09,False,False,False,❌ 空頭或無訊號
2025-07-23,24.25,131237,67.0,0.0,0.0,67.0,-0.0,31.13,25.1,False,True,False,⭐ 弱勢反彈
2025-07-24,24.15,121451,37.0,0.0,0.0,37.0,-0.03,35.04,28.41,False,False,False,❌ 空頭或無訊號
2025-07-25,24.05,54545,21.0,0.0,0.0,21.0,0.0,35.26,30.7,False,False,False,❌ 空頭或無訊號
2025-07-28,24.0,66510,3.0,0.0,0.0,3.0,-0.0,34.22,31.87,False,False,False,❌ 空頭或無訊號
2025-07-29,23.7,120006,-5.0,0.0,0.0,-5.0,0.0,26.39,30.04,False,False,False,❌ 空頭或無訊號
2025-07-30,24.0,91682,34.0,0.0,0.0,34.0,-0.0,30.64,30.24,False,True,False,⭐ 弱勢反彈
2025-07-31,23.65,82077,-8.0,0.0,0.0,-8.0,0.0,25.98,28.82,False,False,False,❌ 空頭或無訊號
2025-08-01,23.55,91949,26.0,0.0,0.0,26.0,0.0,27.04,28.23,False,False,False,❌ 空頭或無訊號
2025-08-04,24.2,123995,51.0,0.0,1.0,52.0,0.0,45.81,34.09,False,True,False,⭐ 弱勢反彈
2025-08-05,24.55,112990,32.0,0.0,0.0,32.0,0.01,61.57,43.25,False,False,False,❌ 空頭或無訊號
2025-08-06,24.6,172703,16.0,0.0,0.0,16.0,-0.0,66.97,51.16,False,False,False,❌ 空頭或無訊號
2025-08-07,24.4,145161,17.0,0.0,0.0,17.0,-0.03,66.87,56.39,False,False,False,❌ 空頭或無訊號
2025-08-08,24.45,235873,16.0,0.0,-1.0,15.0,-0.01,65.41,59.4,False,False,False,❌ 空頭或無訊號
2025-08-11,24.15,99579,4.0,0.0,0.0,4.0,0.0,59.44,59.42,False,False,False,❌ 空頭或無訊號
2025-08-12,24.35,270188,34.0,0.0,0.0,34.0,0.02,58.8,59.21,False,False,False,❌ 空頭或無訊號
2025-08-13,24.4,119266,-16.0,0.0,1.0,-15.0,0.0,59.2,59.2,False,False,False,❌ 空頭或無訊號
2025-08-14,24.35,235117,81.0,0.0,3.0,84.0,0.0,57.06,58.49,False,False,False,❌ 空頭或無訊號
2025-08-15,24.4,144345,5.0,0.0,0.0,5.0,0.0,49.15,55.38,False,False,False,❌ 空頭或無訊號
2025-08-18,24.45,129601,19.0,0.0,0.0,19.0,-0.0,45.27,52.01,False,False,False,❌ 空頭或無訊號
2025-08-19,24.2,71641,-23.0,0.0,0.0,-23.0,0.0,35.73,46.58,False,False,False,❌ 空頭或無訊號
2025-08-20,23.75,113253,13.0,0.0,-1.0,12.0,-0.0,26.95,40.04,False,False,False,❌ 空頭或無訊號
2025-08-21,24.15,79256,41.0,0.0,0.0,41.0,-0.0,29.42,36.5,False,False,False,❌ 空頭或無訊號
2025-08-22,24.0,86069,5.0,0.0,0.0,5.0,0.01,27.95,33.65,False,False,False,❌ 空頭或無訊號
2025-08-25,24.35,273149,60.0,0.0,0.0,60.0,-0.0,37.86,35.05,False,True,False,⭐ 弱勢反彈
2025-08-26,24.4,130780,46.0,0.0,0.0,46.0,-0.0,45.75,38.62,False,False,False,❌ 空頭或無訊號
2025-08-27,24.55,100280,22.0,0.0,1.0,23.0,-0.0,56.89,44.71,False,False,False,❌ 空頭或無訊號
2025-08-28,24.6,118738,52.0,0.0,7.0,59.0,0.01,65.71,51.71,False,False,False,❌ 空頭或無訊號
2025-08-29,24.45,400108,56.0,0.0,4.0,60.0,0.0,61.51,54.98,False,False,False,❌ 空頭或無訊號
2025-09-01,24.3,84317,13.0,0.0,1.0,14.0,0.0,55.59,55.18,False,False,False,❌ 空頭或無訊號
2025-09-02,24.15,98766,-33.0,0.0,0.0,-33.0,0.0,42.39,50.92,False,False,False,❌ 空頭或無訊號
2025-09-03,24.4,100444,66.0,0.0,0.0,66.0,-0.0,40.26,47.37,False,False,False,❌ 空頭或無訊號
2025-09-04,24.4,63630,-12.0,0.0,0.0,-12.0,-0.0,38.84,44.53,False,False,False,❌ 空頭或無訊號
2025-09-05,25.2,532574,66.0,0.0,0.0,66.0,0.02,51.15,46.73,False,True,False,⭐ 弱勢反彈
2025-09-08,25.55,795145,-152.0,0.0,31.0,-121.0,-0.0,54.61,49.36,False,False,True,⭐ 弱勢反彈
2025-09-09,25.3,226412,-25.0,0.0,0.0,-25.0,0.02,53.71,50.81,False,False,False,❌ 空頭或無訊號
2025-09-10,25.75,553661,121.0,0.0,-10.0,111.0,0.13,58.89,53.5,False,False,False,❌ 空頭或無訊號
2025-09-11,25.25,504563,33.0,0.0,0.0,33.0,-0.08,55.92,54.31,False,False,False,❌ 空頭或無訊號
2025-09-12,25.65,591525,-5.0,0.0,-30.0,-35.0,-0.0,59.08,55.9,False,False,False,❌ 空頭或無訊號
2025-09-15,27.5,2718856,-119.0,0.0,1.0,-118.0,0.21,69.86,60.55,False,False,True,⭐ 弱勢反彈
2025-09-16,30.25,8812280,-303.0,0.0,3.0,-300.0,0.24,79.91,67.0,False,False,True,⭐ 弱勢反彈
2025-09-17,32.0,13566818,-178.0,0.0,0.0,-178.0,0.04,85.3,73.1,False,False,True,⭐ 弱勢反彈
2025-09-18,33.5,13599016,-83.0,0.0,14.0,-69.0,-0.03,84.64,76.95,False,False,True,⭐ 弱勢反彈
2025-09-19,31.5,4710166,-16.0,0.0,0.0,-16.0,0.17,77.47,77.12,False,False,True,⭐ 弱勢反彈
2025-09-22,30.7,2374278,-50.0,0.0,0.0,-50.0,-0.11,70.0,74.75,False,False,True,⭐ 弱勢反彈
2025-09-23,30.3,1660392,322.0,0.0,-1.0,321.0,0.03,63.67,71.06,False,False,True,⭐ 弱勢反彈
2025-09-24,30.2,1275388,-148.0,0.0,0.0,-148.0,-0.02,58.68,66.93,False,False,True,⭐ 弱勢反彈
2025-09-25,29.65,1285852,165.0,0.0,-6.0,159.0,-0.11,51.85,61.91,False,False,True,⭐ 弱勢反彈
2025-09-26,28.9,584014,80.0,0.0,0.0,80.0,-0.05,43.82,55.88,False,False,True,⭐ 弱勢反彈
2025-09-30,31.75,2203235,-29.0,0.0,0.0,-29.0,0.28,45.63,52.46,False,False,True,⭐ 弱勢反彈
2025-10-01,31.3,5578180,-312.0,0.0,0.0,-312.0,-0.2,44.6,49.84,False,False,True,⭐ 弱勢反彈
2025-10-02,34.4,4166164,472.0,0.0,8.0,480.0,-0.12,63.07,54.25,False,True,True,⭐⭐ 偏多觀察
2025-10-03,34.95,12153653,-76.0,0.0,-7.0,-83.0,0.35,70.0,59.5,False,False,True,⭐ 弱勢反彈
2025-10-07,34.7,6258536,-239.0,0.0,5.0,-234.0,0.28,73.55,64.18,False,False,True,⭐ 弱勢反彈
2025-10-08,32.8,3042915,-14.0,0.0,100.0,86.0,-0.1,67.74,65.37,False,False,True,⭐ 弱勢反彈
2025-10-09,33.8,3985793,-97.0,0.0,0.0,-97.0,0.29,68.17,66.3,False,False,True,⭐ 弱勢反彈
2025-10-13,33.7,2346439,343.0,0.0,0.0,343.0,-0.1,68.03,66.88,False,False,True,⭐ 弱勢反彈
2025-10-14,34.15,9070181,521.0,0.0,0.0,521.0,0.06,66.91,66.89,False,False,True,⭐ 弱勢反彈
2025-10-15,36.5,12650864,-806.0,0.0,-1.0,-807.0,0.25,72.96,68.91,False,False,True,⭐ 弱勢反彈
2025-10-16,38.5,14923260,-743.0,0.0,0.0,-743.0,0.3,79.75,72.53,False,False,True,⭐ 弱勢反彈
2025-10-17,37.15,7699400,64.0,0.0,1.0,65.0,-0.26,78.37,74.47,False,False,True,⭐ 弱勢反彈
2025-10-20,36.45,4755155,-41.0,0.0,-1.0,-42.0,-0.06,74.67,74.54,False,False,True,⭐ 弱勢反彈
2025-10-21,36.55,3408011,299.0,0.0,0.0,299.0,0.03,72.59,73.89,False,False,True,⭐ 弱勢反彈
2025-10-22,35.7,2345066,-51.0,0.0,1.0,-50.0,-0.14,67.84,71.87,False,False,True,⭐ 弱勢反彈
2025-10-23,35.95,2009288,-3.0,0.0,-1.0,-4.0,0.04,65.66,69.8,False,False,True,⭐ 弱勢反彈
2025-10-27,38.0,6240776,385.0,0.0,6.0,391.0,0.14,69.97,69.86,False,True,True,⭐⭐ 偏多觀察
2025-10-28,38.3,6729397,-350.0,0.0,-1.0,-350.0,-0.14,74.37,71.36,False,False,True,⭐ 弱勢反彈
2025-10-29,35.8,3645875,-837.0,0.0,1.0,-836.0,0.07,58.8,67.17,False,False,True,⭐ 弱勢反彈
2025-10-30,37.85,8984171,744.0,0.0,0.0,744.0,0.2,62.96,65.77,False,False,True,⭐ 弱勢反彈
2025-10-31,38.7,16840442,-1135.0,0.0,0.0,-1135.0,-0.02,62.87,64.8,False,False,True,⭐ 弱勢反彈
2025-11-03,37.2,3051064,-18.0,0.0,0.0,-18.0,-0.05,55.34,61.65,False,False,True,⭐ 弱勢反彈
2025-11-04,35.05,2485940,-28.0,0.0,-3.0,-31.0,-0.0,39.63,54.31,False,False,True,⭐ 弱勢反彈
2025-11-05,34.7,1555037,135.0,0.0,0.0,135.0,-0.02,29.45,46.02,False,False,True,⭐ 弱勢反彈
2025-11-06,35.9,2023289,-26.0,0.0,0.0,-26.0,0.03,28.26,40.1,False,False,True,⭐ 弱勢反彈
2025-11-07,37.8,7915408,1110.0,0.0,0.0,1110.0,0.07,36.32,38.84,False,False,True,⭐ 弱勢反彈
2025-11-10,39.3,13883553,-864.0,0.0,1.0,-863.0,0.88,48.69,42.13,False,True,True,⭐⭐ 偏多觀察
2025-11-11,38.8,8221754,-98.0,0.0,-1.0,-99.0,-0.18,54.6,46.29,False,False,True,⭐ 弱勢反彈
2025-11-12,40.0,6878802,660.0,0.0,0.0,660.0,0.15,64.14,52.24,False,False,True,⭐ 弱勢反彈
2025-11-13,39.85,10554816,-413.0,0.0,16.0,-397.0,-0.74,67.08,57.18,False,False,True,⭐ 弱勢反彈
2025-11-14,38.8,2710741,213.0,0.0,27.0,240.0,-0.14,64.64,59.67,False,False,True,⭐ 弱勢反彈
2025-11-17,40.2,4027738,484.0,0.0,-23.0,461.0,-0.06,68.88,62.74,False,False,True,⭐ 弱勢反彈
2025-11-18,38.45,2543542,-202.0,0.0,0.0,-202.0,0.1,61.98,62.48,False,False,True,⭐ 弱勢反彈
2025-11-19,37.15,1777646,198.0,0.0,0.0,198.0,-0.1,50.88,58.61,False,False,True,⭐ 弱勢反彈
2025-11-20,35.6,3406143,-229.0,0.0,-1.0,-230.0,-0.06,37.62,51.62,False,False,True,⭐ 弱勢反彈
2025-11-21,33.6,2257813,430.0,0.0,-8.0,422.0,-0.16,28.31,43.85,False,False,True,⭐ 弱勢反彈
2025-11-24,33.2,1271621,-97.0,0.0,0.0,-97.0,-0.0,20.66,36.12,False,False,True,⭐ 弱勢反彈
2025-11-25,34.0,1255673,29.0,0.0,0.0,29.0,0.06,18.43,30.22,False,False,True,⭐ 弱勢反彈
2025-11-26,33.05,1010426,-159.0,0.0,0.0,-159.0,0.01,13.69,24.71,True,False,False,⭐ 弱勢反彈
2025-11-27,34.1,790756,125.0,0.0,0.0,125.0,-0.03,14.71,21.38,True,False,True,⭐⭐ 偏多觀察
2025-11-28,34.55,824079,-29.0,0.0,6.0,-23.0,-0.01,18.03,20.26,True,False,True,⭐⭐ 偏多觀察
2025-12-01,33.8,477896,-117.0,0.0,0.0,-117.0,0.03,17.89,19.47,True,False,True,⭐⭐ 偏多觀察
2025-12-02,33.6,399509,-62.0,0.0,0.0,-62.0,-0.02,16.73,18.56,True,False,False,⭐ 弱勢反彈
2025-12-03,33.75,633513,33.0,0.0,0.0,33.0,0.04,23.65,20.25,True,True,False,⭐⭐ 偏多觀察
2025-12-04,33.0,864109,-111.0,0.0,-13.0,-124.0,-0.03,19.34,19.95,False,False,False,❌ 空頭或無訊號
2025-12-05,33.0,754984,3.0,0.0,1.0,4.0,0.06,17.98,19.29,True,False,False,⭐ 弱勢反彈
2025-12-08,35.25,2102479,352.0,0.0,6.0,358.0,0.12,42.49,27.03,True,True,True,⭐⭐⭐ 黃金買點
2025-12-09,34.85,1784217,-121.0,0.0,0.0,-121.0,0.1,54.32,36.12,False,False,True,⭐ 弱勢反彈
2025-12-10,33.9,1087191,-308.0,0.0,0.0,-308.0,0.04,50.97,41.07,False,False,False,❌ 空頭或無訊號
2025-12-11,33.9,564018,-45.0,0.0,0.0,-45.0,-0.04,48.73,43.62,False,False,False,❌ 空頭或無訊號
2025-12-12,34.8,1149758,385.0,0.0,0.0,385.0,-0.15,57.08,48.11,False,False,False,❌ 空頭或無訊號
2025-12-15,34.45,777274,14.0,0.0,0.0,14.0,-0.08,58.82,51.68,False,False,False,❌ 空頭或無訊號
2025-12-16,34.25,542503,-117.0,0.0,0.0,-117.0,0.04,57.79,53.72,False,False,False,❌ 空頭或無訊號
2025-12-17,34.65,796648,221.0,0.0,0.0,221.0,-0.06,61.48,56.3,False,False,False,❌ 空頭或無訊號
2025-12-18,36.85,5962617,-155.0,0.0,0.0,-155.0,0.08,66.17,59.59,False,False,True,⭐ 弱勢反彈
2025-12-19,35.9,5917869,-679.0,0.0,0.0,-679.0,-0.17,59.07,59.42,False,False,True,⭐ 弱勢反彈
2025-12-22,36.9,2171567,-36.0,0.0,3.0,-33.0,-0.0,60.56,59.8,False,True,True,⭐⭐ 偏多觀察
2025-12-23,36.6,987955,140.0,0.0,0.0,140.0,-0.11,59.69,59.76,False,False,True,⭐ 弱勢反彈
2025-12-24,37.9,3566613,231.0,0.0,0.0,231.0,0.05,67.21,62.24,False,True,True,⭐⭐ 偏多觀察
2025-12-26,37.7,2471969,-149.0,0.0,0.0,-149.0,0.02,70.97,65.15,False,False,True,⭐ 弱勢反彈
2025-12-29,37.45,1244193,328.0,0.0,0.0,328.0,-0.12,71.93,67.41,False,False,True,⭐ 弱勢反彈
2025-12-30,38.9,7660716,603.0,0.0,1.0,603.0,0.04,73.51,69.44,False,False,True,⭐ 弱勢反彈
2025-12-31,38.75,3984632,-246.0,0.0,0.0,-246.0,0.08,72.77,70.55,False,False,True,⭐ 弱勢反彈
2026-01-02,39.65,3316786,905.0,0.0,-6.0,899.0,-0.07,75.99,72.36,False,False,True,⭐ 弱勢反彈
2026-01-05,38.7,4542228,-467.0,0.0,0.0,-467.0,-0.0,63.39,69.37,False,False,True,⭐ 弱勢反彈
2026-01-06,40.1,3791508,885.0,0.0,0.0,885.0,0.06,62.59,67.11,False,False,True,⭐ 弱勢反彈
2026-01-07,44.1,12551431,894.0,0.0,2.0,896.0,1.01,75.06,69.76,False,True,True,⭐⭐ 偏多觀察
2026-01-08,48.5,12486684,1706.0,0.0,71.0,1777.0,0.06,83.37,74.3,False,False,True,⭐ 弱勢反彈
2026-01-09,49.05,31220354,-1341.0,0.0,-73.0,-1414.0,-0.28,80.17,76.26,False,False,True,⭐ 弱勢反彈
2026-01-12,49.0,14292092,-1418.0,0.0,9.0,-1410.0,0.66,77.77,76.76,False,False,True,⭐ 弱勢反彈
2026-01-13,49.8,15866528,-325.0,0.0,0.0,-326.0,-0.44,77.2,76.91,False,False,True,⭐ 弱勢反彈
2026-01-14,48.5,4965841,-479.0,0.0,-14.0,-493.0,-0.06,73.95,75.92,False,False,True,⭐ 弱勢反彈
2026-01-15,48.2,4865557,424.0,0.0,-8.0,416.0,-0.06,70.96,74.27,False,False,True,⭐ 弱勢反彈
2026-01-16,53.0,12941817,999.0,0.0,17.0,1016.0,0.94,79.74,76.09,False,True,True,⭐⭐ 偏多觀察
2026-01-19,58.3,3356196,-186.0,0.0,-5.0,-191.0,-0.18,86.5,79.56,False,False,True,⭐ 弱勢反彈
2026-01-20,55.9,12418384,-650.0,0.0,-12.0,-662.0,-0.31,85.18,81.43,False,False,True,⭐ 弱勢反彈
2026-01-21,53.8,9849416,-775.0,0.0,-1.0,-775.0,0.1,78.42,80.43,False,False,True,⭐ 弱勢反彈
2026-01-22,52.0,6130068,-108.0,0.0,0.0,-108.0,0.07,66.88,75.91,False,False,True,⭐ 弱勢反彈
2026-01-23,49.7,4891730,765.0,0.0,-6.0,759.0,-0.02,52.85,68.23,False,False,True,⭐ 弱勢反彈
2026-01-26,51.6,4683109,-48.0,0.0,0.0,-48.0,0.06,48.73,61.73,False,False,True,⭐ 弱勢反彈
2026-01-27,49.3,3456016,-40.0,0.0,1.0,-39.0,-0.22,39.65,54.37,False,False,True,⭐ 弱勢反彈
2026-01-28,50.3,3747177,239.0,0.0,0.0,239.0,0.02,31.43,46.72,False,False,True,⭐ 弱勢反彈
2026-01-29,51.0,6975597,-892.0,0.0,-1.0,-893.0,0.13,28.16,40.54,False,False,True,⭐ 弱勢反彈
2026-01-30,51.7,7080469,-350.0,0.0,0.0,-350.0,0.06,28.32,36.46,False,False,True,⭐ 弱勢反彈
2026-02-02,46.55,3589358,-793.0,0.0,-4.0,-797.0,0.0,18.88,30.6,False,False,True,⭐ 弱勢反彈
2026-02-03,45.3,4744148,669.0,0.0,0.0,669.0,-0.15,16.43,25.88,True,False,True,⭐⭐ 偏多觀察
2026-02-04,45.45,2332742,84.0,0.0,0.0,84.0,-0.18,16.46,22.74,True,False,True,⭐⭐ 偏多觀察
2026-02-05,43.25,1824435,304.0,0.0,-2.0,302.0,-0.18,11.74,19.07,True,False,True,⭐⭐ 偏多觀察
2026-02-06,41.75,1904477,248.0,0.0,0.0,248.0,-0.14,9.66,15.93,True,False,True,⭐⭐ 偏多觀察
2026-02-09,45.9,917221,39.0,0.0,17.0,56.0,-0.06,19.12,17.0,True,True,True,⭐⭐⭐ 黃金買點
2026-02-10,43.9,3618104,-628.0,0.0,-12.0,-640.0,0.11,20.2,18.06,True,False,True,⭐⭐ 偏多觀察
2026-02-11,45.85,2201298,254.0,0.0,0.0,254.0,-0.04,26.01,20.71,False,False,True,⭐ 弱勢反彈
2026-02-23,46.4,1924537,-315.0,0.0,0.0,-315.0,0.07,36.83,26.09,False,False,True,⭐ 弱勢反彈
2026-02-24,47.55,2107399,606.0,0.0,0.0,606.0,-0.04,53.83,35.34,False,False,True,⭐ 弱勢反彈
2026-02-25,46.35,1673208,-382.0,0.0,0.0,-382.0,0.03,61.49,44.05,False,False,True,⭐ 弱勢反彈
2026-02-26,46.0,1223564,136.0,0.0,0.0,136.0,-0.09,64.91,51.01,False,False,True,⭐ 弱勢反彈
2026-03-02,46.55,1239521,410.0,0.0,-5.0,405.0,-0.08,69.84,57.28,False,False,True,⭐ 弱勢反彈
2026-03-03,43.15,1790783,-276.0,0.0,-1.0,-277.0,-0.06,49.71,54.76,False,False,True,⭐ 弱勢反彈
2026-03-04,40.5,1580945,439.0,0.0,0.0,439.0,-0.05,36.0,48.51,False,False,False,❌ 空頭或無訊號
2026-03-05,42.75,913628,157.0,0.0,0.0,157.0,-0.04,36.07,44.36,False,False,True,⭐ 弱勢反彈
2026-03-06,41.9,658295,-25.0,0.0,0.0,-25.0,-0.03,32.63,40.45,False,False,False,❌ 空頭或無訊號
2026-03-09,46.05,6720127,1145.0,0.0,4.0,1149.0,-0.6,47.64,42.85,False,True,True,⭐⭐ 偏多觀察
2026-03-10,50.6,4963706,364.0,0.0,65.0,429.0,0.27,65.09,50.26,False,False,True,⭐ 弱勢反彈
2026-03-11,55.6,3298860,-91.0,0.0,7.0,-84.0,-0.08,76.73,59.08,False,False,True,⭐ 弱勢反彈
2026-03-12,61.1,20461553,1355.0,0.0,-1.0,1354.0,0.03,84.48,67.55,False,False,True,⭐ 弱勢反彈
2026-03-13,67.2,20909430,-398.0,0.0,68.0,-330.0,1.33,89.66,74.92,False,False,True,⭐ 弱勢反彈
2026-03-16,73.9,19814268,3466.0,0.0,-48.0,3418.0,-0.55,93.1,80.98,False,False,True,⭐ 弱勢反彈
2026-03-17,81.2,2382518,-29.0,0.0,-14.0,-43.0,0.32,95.4,85.79,False,False,True,⭐ 弱勢反彈
2026-03-18,89.3,776662,-41.0,0.0,-1.0,-42.0,-0.02,96.94,89.5,False,False,True,⭐ 弱勢反彈
2026-03-19,98.2,7562054,-312.0,0.0,-7.0,-318.0,-0.61,97.96,92.32,False,False,True,⭐ 弱勢反彈
2026-03-20,88.4,2668561,-55.0,0.0,125.0,70.0,-0.72,91.96,92.2,False,False,True,⭐ 弱勢反彈
2026-03-23,79.6,932009,56.0,0.0,23.0,79.0,-0.11,80.12,88.18,False,False,True,⭐ 弱勢反彈
2026-03-24,71.7,1344042,28.0,0.0,-11.0,17.0,-0.25,65.57,80.64,False,False,True,⭐ 弱勢反彈
2026-03-25,70.9,1950534,-3.0,0.0,95.0,92.0,-0.14,53.41,71.56,False,False,True,⭐ 弱勢反彈
2026-03-26,64.1,1702709,224.0,0.0,155.0,379.0,-0.11,35.7,59.61,False,False,True,⭐ 弱勢反彈
2026-03-27,61.2,1931574,138.0,0.0,70.0,208.0,-0.18,26.68,48.63,False,False,True,⭐ 弱勢反彈
2026-03-30,67.3,1180617,10.0,0.0,41.0,51.0,0.06,25.69,40.99,False,False,True,⭐ 弱勢反彈
2026-03-31,61.8,1020180,-109.0,0.0,14.0,-95.0,-0.16,20.5,34.16,False,False,True,⭐ 弱勢反彈
2026-04-01,67.9,1045287,-35.0,0.0,-11.0,-46.0,-0.04,22.06,30.13,False,False,True,⭐ 弱勢反彈
2026-04-02,68.0,735525,-96.0,0.0,-24.0,-120.0,-0.01,28.95,29.74,False,False,True,⭐ 弱勢反彈
2026-04-07,69.3,7137518,-2195.0,0.0,-73.0,-2268.0,0.78,35.35,31.61,False,True,True,⭐⭐ 偏多觀察
2026-04-08,76.2,7822540,-875.0,0.0,-55.0,-930.0,0.42,56.9,40.04,False,False,True,⭐ 弱勢反彈
2026-04-09,71.3,7738213,-1751.0,0.0,-100.0,-1851.0,0.15,62.44,47.5,False,False,True,⭐ 弱勢反彈
2026-04-10,78.3,12176454,1520.0,0.0,16.0,1536.0,-0.04,74.8,56.6,False,False,True,⭐ 弱勢反彈
2026-04-13,79.8,7630816,-1139.0,0.0,-41.0,-1180.0,-0.14,75.62,62.94,False,False,True,⭐ 弱勢反彈
2026-04-14,79.8,6413486,-948.0,0.0,-130.0,-1078.0,0.13,76.04,67.31,False,False,True,⭐ 弱勢反彈
2026-04-15,78.1,4162607,757.0,0.0,0.0,758.0,-0.05,72.21,68.94,False,False,True,⭐ 弱勢反彈
2026-04-16,76.8,2957010,65.0,0.0,-5.0,60.0,-0.15,65.55,67.81,False,False,True,⭐ 弱勢反彈
2026-04-17,77.6,3567001,-189.0,0.0,7.0,-182.0,0.14,62.03,65.88,False,False,True,⭐ 弱勢反彈
2026-04-20,79.4,4418293,186.0,0.0,-11.0,175.0,-0.02,61.75,64.5,False,False,True,⭐ 弱勢反彈
2026-04-21,87.3,9789788,1431.0,0.0,50.0,1481.0,0.48,74.5,67.84,False,True,True,⭐⭐ 偏多觀察
2026-04-22,90.2,14387032,-2107.0,0.0,-53.0,-2159.0,0.05,77.76,71.14,False,False,True,⭐ 弱勢反彈
2026-04-23,82.4,9424887,-1403.0,0.0,0.0,-1403.0,-0.36,64.65,68.98,False,False,True,⭐ 弱勢反彈
2026-04-24,80.1,4763349,162.0,0.0,0.0,162.0,-0.0,51.57,63.18,False,False,True,⭐ 弱勢反彈
2026-04-27,88.1,9243211,1215.0,0.0,9.0,1225.0,0.08,57.92,61.43,False,False,True,⭐ 弱勢反彈
2026-04-28,91.6,20452038,-751.0,0.0,-9.0,-760.0,0.74,68.75,63.87,False,True,True,⭐⭐ 偏多觀察
2026-04-29,87.3,5521186,-50.0,0.0,0.0,-50.0,-0.26,66.97,64.9,False,False,True,⭐ 弱勢反彈
2026-04-30,83.1,5348110,-736.0,0.0,0.0,-736.0,-0.01,56.99,62.26,False,False,True,⭐ 弱勢反彈
2026-05-04,85.4,3455516,470.0,0.0,2.0,472.0,-0.02,55.07,59.87,False,False,True,⭐ 弱勢反彈
2026-05-05,87.7,3602971,144.0,0.0,0.0,144.0,0.27,58.53,59.42,False,False,True,⭐ 弱勢反彈
2026-05-06,91.7,12273947,1574.0,0.0,32.0,1606.0,0.14,64.23,61.02,False,True,True,⭐⭐ 偏多觀察
2026-05-07,95.5,9671168,-248.0,0.0,-13.0,-262.0,0.14,69.03,63.69,False,False,True,⭐ 弱勢反彈
2026-05-08,99.6,15886910,515.0,0.0,8.0,522.0,-0.1,71.98,66.46,False,False,True,⭐ 弱勢反彈
2026-05-11,109.5,5390764,1327.0,0.0,32.0,1359.0,0.05,81.32,71.41,False,False,True,⭐ 弱勢反彈
2026-05-12,120.0,12716282,932.0,0.0,3.0,935.0,-0.48,87.55,76.79,False,False,True,⭐ 弱勢反彈
2026-05-13,118.5,9488677,60.0,0.0,14.0,75.0,-0.26,89.16,80.91,False,False,True,⭐ 弱勢反彈
2026-05-14,116.5,11219280,-2219.0,0.0,-4.0,-2223.0,0.34,83.66,81.83,False,False,True,⭐ 弱勢反彈
2026-05-15,117.0,7542968,574.0,0.0,30.0,604.0,-0.22,80.16,81.27,False,False,True,⭐ 弱勢反彈
2026-05-18,120.5,4847674,205.0,0.0,15.0,220.0,0.1,79.41,80.65,False,False,True,⭐ 弱勢反彈
2026-05-19,110.0,6010726,-519.0,0.0,-5.0,-524.0,-0.06,69.82,77.04,False,False,True,⭐ 弱勢反彈
2026-05-20,109.0,3935555,444.0,0.0,-9.0,435.0,-0.21,61.36,71.82,False,False,True,⭐ 弱勢反彈
2026-05-21,108.0,3977891,-927.0,0.0,7.0,-920.0,0.25,46.24,63.29,False,False,True,⭐ 弱勢反彈
2026-05-22,115.0,6161469,-497.0,0.0,28.0,-469.0,0.18,45.5,57.36,False,False,True,⭐ 弱勢反彈
2026-05-25,118.0,6728529,-456.0,0.0,41.0,-415.0,0.17,49.0,54.57,False,False,True,⭐ 弱勢反彈
2026-05-26,126.5,12512973,1645.0,0.0,-9.0,1636.0,0.39,62.08,57.07,False,True,True,⭐⭐ 偏多觀察
2026-05-27,139.0,2776602,39.0,0.0,38.0,77.0,-0.26,74.72,62.95,False,False,True,⭐ 弱勢反彈
2026-05-28,152.5,8787744,1724.0,0.0,-16.0,1708.0,-0.03,83.14,69.68,False,False,True,⭐ 弱勢反彈
2026-05-29,160.0,14062351,-696.0,0.0,-16.0,-712.0,0.0,86.03,75.13,False,False,True,⭐ 弱勢反彈
2026-06-01,156.5,10457321,-1208.0,0.0,-3.0,-1210.0,-0.43,85.13,78.47,False,False,True,⭐ 弱勢反彈
2026-06-02,156.5,2420118,143.0,0.0,-10.0,133.0,0.02,84.21,80.38,False,False,True,⭐ 弱勢反彈
2026-06-03,172.0,5203981,-89.0,0.0,2.0,-87.0,0.69,89.47,83.41,False,False,True,⭐ 弱勢反彈
2026-06-04,176.0,2980341,45.0,0.0,5.0,50.0,-0.61,91.7,86.17,False,False,True,⭐ 弱勢反彈
2026-06-05,171.5,2701473,160.0,0.0,13.0,173.0,-0.23,90.64,87.66,False,False,True,⭐ 弱勢反彈
2026-06-08,160.0,2084081,90.0,0.0,4.0,94.0,-0.17,78.34,84.56,False,False,True,⭐ 弱勢反彈
2026-06-09,176.0,2102019,86.0,0.0,7.0,93.0,0.34,82.96,84.02,False,False,True,⭐ 弱勢反彈
2026-06-10,193.0,4799489,162.0,0.0,12.0,174.0,-0.08,88.24,85.43,False,True,True,⭐⭐ 偏多觀察
2026-06-11,191.5,3670499,-23.0,0.0,-8.0,-31.0,-0.09,90.13,87.0,False,False,True,⭐ 弱勢反彈
2026-06-12,191.0,2228403,-90.0,0.0,11.0,-79.0,0.07,87.62,87.2,False,False,True,⭐ 弱勢反彈
2026-06-15,210.0,3156260,143.0,0.0,-5.0,138.0,0.57,91.75,88.72,False,False,True,⭐ 弱勢反彈
2026-06-16,189.5,9724235,-1756.0,0.0,8.0,-1748.0,-0.77,79.25,85.56,False,False,True,⭐ 弱勢反彈
2026-06-17,191.5,4304572,-400.0,0.0,1.0,-399.0,0.04,71.96,81.03,False,False,True,⭐ 弱勢反彈
2026-06-18,193.5,3984742,-317.0,0.0,29.0,-288.0,0.1,68.13,76.73,False,False,True,⭐ 弱勢反彈
2026-06-22,191.5,3883194,-604.0,0.0,-18.0,-622.0,0.2,61.46,71.64,False,False,True,⭐ 弱勢反彈
2026-06-23,183.0,3810053,173.0,0.0,-21.0,152.0,-0.19,47.03,63.43,False,False,True,⭐ 弱勢反彈
2026-06-24,185.0,2247854,-149.0,0.0,-2.0,-151.0,0.03,38.93,55.27,False,False,True,⭐ 弱勢反彈
2026-06-25,182.0,2266317,-442.0,0.0,-2.0,-444.0,-0.01,27.25,45.93,False,False,True,⭐ 弱勢反彈
2026-06-26,180.0,2952051,-210.0,0.0,-12.0,-221.0,-0.01,19.79,37.22,False,False,True,⭐ 弱勢反彈
2026-06-29,168.5,3284194,157.0,0.0,-16.0,142.0,-0.24,13.2,29.21,True,False,True,⭐⭐ 偏多觀察
2026-06-30,173.5,1732901,1.0,0.0,-3.0,-3.0,0.06,14.54,24.32,True,False,True,⭐⭐ 偏多觀察
2026-07-01,160.0,4528357,215.0,0.0,-4.0,211.0,-0.06,9.7,19.45,True,False,True,⭐⭐ 偏多觀察
2026-07-02,164.0,2100406,56.0,0.0,10.0,66.0,0.05,12.97,17.29,True,False,True,⭐⭐ 偏多觀察
2026-07-03,171.0,2930650,-160.0,0.0,7.0,-153.0,0.05,22.53,19.04,True,True,True,⭐⭐⭐ 黃金買點
2026-07-06,168.5,2262891,-494.0,0.0,-4.0,-498.0,0.08,26.93,21.67,False,False,True,⭐ 弱勢反彈
2026-07-07,162.5,1424548,88.0,0.0,-14.0,74.0,-0.04,24.14,22.49,False,False,True,⭐ 弱勢反彈
2026-07-08,157.5,1802812,182.0,0.0,-21.0,161.0,-0.07,19.43,21.47,False,False,True,⭐ 弱勢反彈
2026-07-09,166.5,2467576,32.0,0.0,9.0,41.0,0.16,28.38,23.78,True,True,True,⭐⭐⭐ 黃金買點
2026-07-13,163.0,1822626,-52.0,0.0,-20.0,-72.0,-0.1,32.26,26.6,False,False,True,⭐ 弱勢反彈
2026-07-14,154.5,2705063,-34.0,0.0,-15.0,-49.0,-0.1,29.98,27.73,False,False,True,⭐ 弱勢反彈
2026-07-15,159.5,1577963,91.0,0.0,-8.0,84.0,0.01,34.61,30.02,False,False,True,⭐ 弱勢反彈
2026-07-16,151.0,1423432,-199.0,0.0,-10.0,-209.0,0.05,27.75,29.26,False,False,True,⭐ 弱勢反彈
2026-07-17,141.0,2135986,509.0,0.0,-2.0,507.0,-0.22,20.33,26.28,False,False,False,❌ 空頭或無訊號
2026-07-20,135.5,1871211,457.0,0.0,-3.0,455.0,-0.23,18.37,23.65,False,False,False,❌ 空頭或無訊號
2026-07-21,140.0,757852,-150.0,0.0,-2.0,-152.0,0.04,20.68,22.66,True,False,False,⭐ 弱勢反彈
